,Mean hemoglobin level of women of reproductive age (aged 15-49 years),Prevalence of anaemia in children aged 6â€“59 months (%),Prevalence of anaemia in non-pregnant women (aged 15-49) (%),Mean hemoglobin level of non-pregnant women (aged 15-49 years)
0,123.0,48.3,34.1,125.0
1,123.0,47.1,34.2,124.0
2,123.0,46.2,34.4,124.0
3,123.0,45.5,34.7,124.0
4,123.0,44.9,35.0,124.0
5,122.0,44.5,35.3,124.0
6,122.0,44.2,35.6,124.0
7,122.0,43.9,36.0,124.0
8,122.0,43.7,36.4,123.0
9,122.0,43.5,36.8,123.0
10,122.0,43.5,37.4,123.0
11,122.0,43.5,38.0,123.0
12,122.0,43.6,38.8,123.0
13,121.0,43.7,39.6,122.0
14,121.0,43.9,40.5,122.0
15,121.0,44.2,41.3,122.0
16,121.0,44.5,42.3,121.0
17,120.0,44.9,43.2,121.0
18,126.0,34.9,26.1,127.0
19,126.0,33.4,25.5,127.0
20,127.0,32.1,24.9,127.0
21,127.0,30.9,24.6,127.0
22,127.0,29.6,24.0,127.0
23,127.0,28.3,23.5,128.0
24,127.0,27.1,23.0,128.0
25,128.0,25.9,22.5,128.0
26,128.0,24.8,22.0,128.0
27,128.0,23.8,21.5,128.0
28,128.0,23.0,21.1,128.0
29,128.0,22.9,21.3,128.0
30,128.0,23.1,21.6,128.0
31,128.0,23.6,21.9,128.0
32,128.0,24.4,22.4,128.0
33,127.0,25.5,22.9,128.0
34,127.0,26.9,23.5,128.0
35,127.0,28.4,24.2,127.0
36,127.0,29.6,24.5,127.0
37,122.0,39.9,37.7,123.0
38,123.0,39.3,37.0,123.0
39,123.0,38.8,36.5,123.0
40,123.0,38.3,36.0,123.0
41,123.0,37.9,35.6,123.0
42,123.0,37.4,35.2,124.0
43,123.0,36.9,34.8,124.0
44,123.0,36.3,34.4,124.0
45,123.0,35.8,34.0,124.0
46,124.0,35.2,33.6,124.0
47,124.0,34.7,33.3,124.0
48,124.0,34.3,33.0,124.0
49,124.0,34.1,32.8,124.0
50,124.0,33.9,32.7,124.0
51,124.0,33.9,32.7,124.0
52,124.0,33.9,32.7,124.0
53,124.0,34.0,32.8,124.0
54,124.0,34.0,33.0,124.0
55,124.0,34.1,33.1,124.0
56,124.0,34.3,33.3,124.0
57,117.0,72.8,51.4,118.0
58,117.0,71.5,51.1,118.0
59,117.0,70.3,50.9,119.0
60,117.0,68.9,50.5,119.0
61,117.0,67.5,50.1,119.0
62,118.0,66.2,49.6,119.0
63,118.0,64.9,49.1,119.0
64,118.0,63.7,48.7,119.0
65,118.0,62.6,48.0,120.0
66,119.0,61.7,47.1,120.0
67,119.0,61.0,46.3,120.0
68,119.0,60.6,45.7,121.0
69,119.0,60.5,45.3,121.0
70,119.0,60.7,45.0,121.0
71,120.0,61.1,44.6,121.0
72,120.0,61.4,44.4,121.0
73,120.0,61.9,44.3,121.0
74,120.0,62.1,44.2,121.0
75,120.0,62.3,44.1,121.0
76,120.0,62.4,44.0,121.0
77,130.0,21.7,15.7,131.0
78,130.0,21.1,15.5,131.0
79,130.0,20.7,15.4,131.0
80,130.0,20.4,15.4,131.0
81,130.0,20.1,15.3,131.0
82,130.0,19.9,15.0,131.0
83,130.0,19.6,14.5,131.0
84,131.0,19.4,14.2,131.0
85,131.0,19.2,13.8,131.0
86,131.0,19.1,13.4,132.0
87,131.0,18.8,13.0,132.0
88,131.0,18.7,12.7,132.0
89,132.0,18.5,12.3,132.0
90,132.0,18.4,12.1,132.0
91,132.0,18.3,11.9,132.0
92,132.0,18.3,11.7,133.0
93,132.0,18.3,11.5,133.0
94,132.0,18.5,11.5,133.0
95,132.0,18.6,11.4,133.0
96,132.0,19.0,11.6,133.0
97,129.0,28.9,20.2,129.0
98,129.0,28.5,20.3,129.0
99,129.0,28.3,20.4,129.0
100,129.0,27.9,20.4,129.0
101,129.0,27.6,20.2,129.0
102,129.0,26.9,19.9,130.0
103,129.0,26.3,19.6,130.0
104,129.0,25.5,19.3,130.0
105,130.0,24.6,18.9,130.0
106,130.0,23.6,18.4,130.0
107,130.0,22.5,18.0,130.0
108,130.0,21.6,17.7,130.0
109,130.0,21.0,17.5,130.0
110,130.0,20.3,17.4,131.0
111,130.0,19.8,17.2,131.0
112,130.0,19.3,17.0,131.0
113,130.0,19.1,17.0,131.0
114,130.0,19.1,17.0,131.0
115,130.0,19.3,17.1,131.0
116,130.0,19.6,17.2,131.0
117,133.0,11.8,7.8,134.0
118,133.0,11.7,7.6,134.0
119,133.0,11.6,7.5,134.0
120,133.0,11.6,7.4,134.0
121,133.0,11.6,7.3,134.0
122,133.0,11.6,7.2,134.0
123,133.0,11.6,7.2,134.0
124,133.0,11.7,7.2,134.0
125,133.0,11.6,7.1,134.0
126,133.0,11.6,7.1,134.0
127,133.0,11.6,7.1,134.0
128,133.0,11.6,7.1,134.0
129,133.0,11.5,7.1,134.0
130,133.0,11.5,7.1,134.0
131,133.0,11.6,7.2,134.0
132,133.0,11.8,7.3,134.0
133,133.0,12.1,7.5,134.0
134,133.0,12.4,7.7,134.0
135,133.0,12.8,7.9,134.0
136,133.0,13.3,8.2,133.0
137,131.0,12.1,11.5,132.0
138,131.0,12.1,11.4,132.0
139,131.0,12.0,11.3,132.0
140,131.0,12.1,11.2,132.0
141,131.0,12.1,11.2,132.0
142,131.0,12.1,11.2,132.0
143,131.0,12.2,11.2,132.0
144,131.0,12.2,11.2,132.0
145,131.0,12.3,11.2,132.0
146,131.0,12.4,11.2,132.0
147,131.0,12.4,11.2,132.0
148,131.0,12.5,11.3,132.0
149,131.0,12.6,11.3,132.0
150,131.0,12.7,11.5,131.0
151,131.0,12.9,11.6,131.0
152,131.0,13.2,11.8,131.0
153,131.0,13.5,12.0,131.0
154,131.0,13.8,12.3,131.0
155,131.0,14.2,12.6,131.0
156,131.0,14.6,12.9,131.0
157,121.0,43.4,41.1,121.0
158,121.0,42.2,40.6,121.0
159,121.0,41.2,40.3,121.0
160,121.0,40.3,40.1,122.0
161,121.0,39.5,39.8,122.0
162,122.0,38.5,39.3,122.0
163,122.0,37.4,38.5,122.0
164,122.0,36.1,37.5,122.0
165,122.0,34.6,36.7,123.0
166,123.0,33.2,36.0,123.0
167,123.0,31.8,35.4,123.0
168,123.0,30.4,35.0,123.0
169,123.0,29.1,34.7,123.0
170,123.0,28.0,34.6,124.0
171,123.0,27.1,34.5,124.0
172,123.0,26.3,34.6,124.0
173,123.0,25.7,34.6,124.0
174,123.0,25.2,34.7,124.0
175,123.0,24.9,34.8,124.0
176,123.0,24.8,35.1,124.0
177,121.0,26.2,43.7,121.0
178,121.0,25.6,42.9,121.0
179,121.0,25.1,42.1,122.0
180,121.0,24.9,41.5,122.0
181,122.0,24.7,40.9,122.0
182,122.0,24.4,40.3,122.0
183,122.0,24.1,39.6,122.0
184,122.0,23.7,38.9,123.0
185,123.0,23.3,38.2,123.0
186,123.0,23.0,37.5,123.0
187,123.0,22.6,37.0,123.0
188,123.0,22.4,36.6,123.0
189,123.0,22.3,36.4,124.0
190,123.0,22.3,36.2,124.0
191,123.0,22.4,35.9,124.0
192,123.0,22.5,35.7,124.0
193,123.0,22.7,35.7,124.0
194,123.0,22.9,35.6,124.0
195,123.0,23.1,35.6,124.0
196,124.0,23.4,35.5,124.0
197,123.0,56.6,34.7,124.0
198,123.0,55.2,34.6,124.0
199,123.0,53.9,34.7,124.0
200,123.0,52.7,34.8,124.0
201,123.0,51.7,35.0,124.0
202,123.0,50.6,35.1,123.0
203,123.0,49.6,35.2,123.0
204,123.0,48.6,35.3,123.0
205,123.0,47.7,35.2,123.0
206,123.0,46.8,35.2,123.0
207,123.0,46.1,35.2,123.0
208,123.0,45.4,35.2,123.0
209,123.0,44.9,35.3,123.0
210,123.0,44.4,35.3,123.0
211,123.0,44.0,35.4,123.0
212,123.0,43.8,35.5,123.0
213,123.0,43.5,35.7,123.0
214,123.0,43.3,35.9,123.0
215,123.0,43.1,36.2,123.0
216,123.0,43.1,36.5,123.0
217,130.0,21.4,20.5,130.0
218,130.0,21.8,20.3,130.0
219,130.0,22.1,20.1,130.0
220,130.0,22.4,19.9,130.0
221,130.0,22.5,19.4,130.0
222,130.0,22.5,19.0,130.0
223,130.0,22.5,18.6,131.0
224,130.0,22.4,18.2,131.0
225,131.0,22.2,17.8,131.0
226,131.0,22.1,17.5,131.0
227,131.0,21.9,17.2,131.0
228,131.0,21.8,17.1,131.0
229,131.0,21.5,16.9,131.0
230,131.0,21.3,16.7,131.0
231,131.0,21.1,16.7,131.0
232,131.0,20.8,16.6,131.0
233,131.0,20.6,16.6,131.0
234,131.0,20.3,16.6,131.0
235,131.0,20.1,16.7,131.0
236,131.0,20.0,16.9,131.0
237,129.0,24.8,21.8,129.0
238,129.0,24.0,21.7,129.0
239,129.0,23.4,21.6,129.0
240,129.0,22.8,21.5,129.0
241,129.0,22.2,21.2,129.0
242,129.0,21.4,20.9,129.0
243,129.0,20.7,20.5,129.0
244,129.0,19.8,20.1,130.0
245,129.0,18.9,19.7,130.0
246,130.0,18.1,19.2,130.0
247,130.0,17.5,18.9,130.0
248,130.0,17.1,18.8,130.0
249,130.0,16.9,18.9,130.0
250,130.0,16.8,19.0,130.0
251,130.0,16.8,19.1,130.0
252,129.0,16.9,19.4,130.0
253,129.0,17.1,19.6,130.0
254,129.0,17.3,19.9,130.0
255,129.0,17.5,20.2,129.0
256,129.0,17.8,20.4,129.0
257,131.0,13.8,11.0,132.0
258,131.0,13.6,10.9,132.0
259,131.0,13.6,10.7,132.0
260,131.0,13.6,10.7,132.0
261,131.0,13.6,10.6,132.0
262,131.0,13.8,10.6,132.0
263,131.0,14.0,10.7,132.0
264,131.0,14.2,10.7,132.0
265,131.0,14.3,10.7,132.0
266,131.0,14.5,10.8,132.0
267,131.0,14.6,10.8,132.0
268,131.0,14.9,11.0,132.0
269,131.0,15.2,11.2,132.0
270,131.0,15.3,11.3,132.0
271,131.0,15.6,11.5,131.0
272,131.0,15.9,11.8,131.0
273,131.0,16.4,12.3,131.0
274,131.0,16.8,12.7,131.0
275,131.0,17.1,13.1,131.0
276,130.0,17.4,13.5,131.0
277,126.0,26.1,27.1,127.0
278,127.0,25.7,26.5,127.0
279,127.0,25.4,26.0,128.0
280,127.0,25.1,25.4,128.0
281,127.0,24.8,24.9,128.0
282,128.0,24.6,24.4,128.0
283,128.0,24.5,24.0,128.0
284,128.0,24.3,23.5,129.0
285,128.0,24.0,23.1,129.0
286,128.0,23.6,22.5,129.0
287,129.0,23.1,21.9,129.0
288,129.0,22.7,21.4,129.0
289,129.0,22.3,21.1,129.0
290,129.0,22.0,20.9,129.0
291,129.0,21.7,20.8,130.0
292,129.0,21.3,20.6,130.0
293,129.0,21.0,20.5,130.0
294,129.0,20.7,20.4,130.0
295,129.0,20.4,20.4,130.0
296,129.0,20.2,20.5,130.0
297,113.0,80.3,62.1,114.0
298,113.0,79.9,61.8,114.0
299,113.0,79.4,61.4,114.0
300,113.0,78.8,61.1,114.0
301,113.0,78.0,60.6,115.0
302,114.0,77.3,60.0,115.0
303,114.0,76.4,59.4,115.0
304,114.0,75.6,58.8,116.0
305,115.0,74.7,58.0,116.0
306,115.0,73.9,57.1,116.0
307,115.0,73.2,56.3,117.0
308,116.0,72.7,55.6,117.0
309,116.0,72.3,55.1,117.0
310,116.0,72.2,54.8,117.0
311,116.0,72.1,54.6,117.0
312,116.0,72.0,54.6,117.0
313,116.0,71.9,54.6,117.0
314,116.0,71.7,54.6,117.0
315,116.0,71.4,54.7,117.0
316,116.0,71.0,54.8,117.0
317,120.0,67.5,45.0,120.0
318,120.0,66.5,44.5,121.0
319,120.0,65.4,44.1,121.0
320,120.0,64.2,43.7,121.0
321,120.0,62.8,43.4,121.0
322,121.0,61.4,43.0,121.0
323,121.0,59.9,42.7,121.0
324,121.0,58.3,42.2,121.0
325,121.0,56.6,41.7,122.0
326,121.0,55.0,41.2,122.0
327,122.0,53.4,40.7,122.0
328,122.0,51.9,40.2,122.0
329,122.0,50.5,39.7,122.0
330,122.0,49.2,39.4,122.0
331,122.0,48.1,39.0,123.0
332,122.0,47.2,38.8,123.0
333,122.0,46.4,38.6,123.0
334,122.0,45.7,38.6,123.0
335,122.0,45.2,38.6,123.0
336,122.0,44.7,38.7,123.0
337,125.0,57.0,32.9,126.0
338,125.0,56.9,33.0,126.0
339,125.0,56.8,33.1,125.0
340,125.0,56.7,33.0,125.0
341,125.0,56.6,32.7,126.0
342,125.0,56.4,32.3,126.0
343,125.0,56.2,32.0,126.0
344,125.0,55.6,31.4,126.0
345,125.0,54.8,30.8,126.0
346,126.0,53.8,30.2,127.0
347,126.0,52.5,29.6,127.0
348,126.0,51.1,28.9,127.0
349,126.0,49.5,28.2,127.0
350,127.0,47.7,27.4,128.0
351,127.0,46.2,27.0,128.0
352,127.0,44.3,26.2,128.0
353,128.0,42.0,25.2,128.0
354,128.0,40.1,24.5,129.0
355,128.0,38.3,24.0,129.0
356,128.0,36.9,23.9,129.0
357,127.0,25.3,25.2,128.0
358,127.0,25.0,24.8,128.0
359,127.0,24.8,24.6,128.0
360,127.0,24.8,24.4,128.0
361,127.0,24.8,24.4,128.0
362,127.0,24.8,24.3,128.0
363,127.0,24.7,24.2,128.0
364,127.0,24.5,24.1,128.0
365,127.0,24.2,24.0,128.0
366,127.0,23.9,23.9,128.0
367,128.0,23.6,23.8,128.0
368,127.0,23.4,23.8,128.0
369,128.0,23.2,23.7,128.0
370,128.0,23.1,23.7,128.0
371,128.0,23.1,23.7,128.0
372,128.0,23.2,23.7,128.0
373,128.0,23.4,23.8,128.0
374,128.0,23.6,23.8,128.0
375,128.0,23.9,24.0,128.0
376,127.0,24.3,24.3,128.0
377,123.0,44.2,36.5,124.0
378,123.0,43.6,36.1,124.0
379,123.0,42.9,35.6,124.0
380,124.0,42.3,35.1,124.0
381,124.0,41.5,34.8,124.0
382,124.0,40.0,34.3,124.0
383,124.0,38.4,33.8,125.0
384,124.0,37.7,33.1,125.0
385,125.0,37.6,32.6,125.0
386,125.0,37.5,32.1,125.0
387,125.0,37.5,31.7,125.0
388,125.0,38.3,31.4,126.0
389,125.0,38.7,31.3,126.0
390,125.0,39.1,31.3,126.0
391,125.0,40.0,31.4,126.0
392,125.0,41.3,31.6,125.0
393,125.0,42.5,31.9,125.0
394,125.0,43.1,32.1,125.0
395,125.0,43.2,32.3,125.0
396,125.0,43.3,32.6,125.0
397,127.0,25.9,27.0,127.0
398,127.0,25.0,26.3,128.0
399,128.0,24.3,25.8,128.0
400,128.0,23.7,25.3,128.0
401,128.0,23.0,24.9,128.0
402,128.0,22.2,24.2,129.0
403,128.0,21.4,23.6,129.0
404,129.0,20.6,22.8,129.0
405,129.0,19.7,21.9,129.0
406,130.0,18.7,20.9,130.0
407,130.0,17.7,19.8,130.0
408,130.0,16.7,19.0,131.0
409,131.0,15.9,18.3,131.0
410,131.0,15.1,17.6,131.0
411,131.0,14.3,17.1,131.0
412,131.0,13.7,16.7,132.0
413,131.0,13.0,16.4,132.0
414,131.0,12.5,16.2,132.0
415,131.0,11.9,16.1,132.0
416,131.0,11.6,16.0,132.0
417,129.0,17.0,16.6,130.0
418,129.0,16.7,16.1,130.0
419,129.0,16.6,15.8,130.0
420,130.0,16.7,15.6,130.0
421,130.0,16.6,15.3,130.0
422,130.0,16.7,15.1,130.0
423,130.0,16.9,15.1,130.0
424,130.0,17.0,15.1,130.0
425,130.0,17.0,14.9,130.0
426,130.0,16.9,14.7,130.0
427,130.0,16.9,14.5,131.0
428,130.0,17.0,14.5,131.0
429,130.0,17.1,14.4,131.0
430,130.0,17.2,14.5,131.0
431,130.0,17.4,14.6,131.0
432,130.0,17.8,14.8,131.0
433,130.0,18.2,15.1,130.0
434,130.0,18.8,15.5,130.0
435,130.0,19.3,15.9,130.0
436,130.0,20.0,16.5,130.0
437,128.0,28.8,22.8,128.0
438,128.0,28.4,22.7,128.0
439,128.0,28.3,22.9,128.0
440,128.0,28.1,23.1,128.0
441,128.0,27.8,23.3,128.0
442,128.0,27.3,23.4,128.0
443,128.0,26.8,23.3,128.0
444,128.0,26.3,23.1,128.0
445,128.0,25.9,22.9,128.0
446,128.0,25.6,22.7,128.0
447,128.0,25.2,22.5,128.0
448,128.0,24.8,22.4,128.0
449,128.0,24.4,22.4,128.0
450,128.0,24.1,22.5,128.0
451,128.0,23.8,22.6,128.0
452,128.0,23.7,22.7,128.0
453,128.0,23.6,22.9,128.0
454,128.0,23.7,23.0,128.0
455,128.0,23.9,23.3,128.0
456,128.0,24.1,23.6,128.0
457,115.0,88.2,56.0,116.0
458,115.0,88.3,55.7,116.0
459,115.0,88.4,55.4,116.0
460,115.0,88.4,55.1,117.0
461,115.0,88.3,54.8,117.0
462,115.0,88.1,54.4,117.0
463,116.0,88.0,54.1,117.0
464,116.0,87.7,53.8,117.0
465,116.0,87.4,53.5,117.0
466,116.0,87.1,53.2,117.0
467,116.0,86.6,53.0,118.0
468,116.0,86.2,52.9,118.0
469,116.0,85.6,52.9,118.0
470,116.0,84.9,52.8,118.0
471,117.0,84.0,52.8,118.0
472,117.0,82.9,52.7,118.0
473,117.0,81.6,52.6,118.0
474,117.0,80.1,52.4,118.0
475,117.0,78.4,52.3,118.0
476,117.0,76.6,52.2,118.0
477,123.0,67.7,35.7,125.0
478,124.0,65.8,34.9,125.0
479,124.0,63.8,34.2,126.0
480,124.0,62.0,33.4,126.0
481,125.0,60.3,32.6,126.0
482,125.0,58.6,31.9,127.0
483,125.0,57.0,31.2,127.0
484,125.0,55.5,30.5,127.0
485,126.0,54.2,29.9,127.0
486,126.0,53.1,29.5,127.0
487,126.0,52.4,29.3,127.0
488,126.0,52.0,29.5,127.0
489,125.0,52.0,30.0,127.0
490,125.0,52.3,30.7,127.0
491,125.0,52.9,31.6,126.0
492,124.0,53.7,32.7,126.0
493,124.0,54.7,33.9,125.0
494,123.0,55.9,35.2,124.0
495,123.0,56.9,36.5,124.0
496,122.0,58.0,37.9,123.0
497,117.0,65.9,53.8,117.0
498,117.0,64.8,52.6,118.0
499,117.0,63.6,51.6,118.0
500,118.0,62.4,50.6,118.0
501,118.0,61.3,49.7,119.0
502,118.0,60.3,48.8,119.0
503,119.0,59.3,48.0,119.0
504,119.0,58.3,47.3,120.0
505,119.0,57.2,46.6,120.0
506,119.0,56.2,46.2,120.0
507,120.0,55.3,45.9,120.0
508,120.0,54.3,45.8,120.0
509,120.0,53.5,45.8,120.0
510,120.0,52.8,45.9,120.0
511,120.0,52.2,46.0,120.0
512,120.0,51.6,46.2,120.0
513,120.0,50.9,46.4,120.0
514,120.0,50.3,46.5,120.0
515,119.0,49.6,46.7,120.0
516,119.0,49.0,46.8,120.0
517,120.0,70.7,41.1,122.0
518,120.0,70.0,41.1,122.0
519,120.0,69.3,41.2,122.0
520,120.0,68.6,41.3,122.0
521,120.0,67.9,41.3,122.0
522,120.0,67.2,41.4,122.0
523,120.0,66.5,41.3,122.0
524,121.0,65.8,41.1,122.0
525,121.0,65.1,41.0,122.0
526,121.0,64.6,40.7,122.0
527,121.0,64.0,40.5,122.0
528,121.0,63.6,40.4,122.0
529,121.0,63.3,40.4,122.0
530,121.0,62.9,40.4,122.0
531,121.0,62.6,40.3,122.0
532,121.0,62.1,40.3,122.0
533,121.0,61.5,40.2,122.0
534,121.0,60.8,40.1,122.0
535,121.0,60.0,40.1,122.0
536,121.0,59.2,40.2,122.0
537,133.0,10.7,9.1,133.0
538,133.0,10.5,8.9,133.0
539,133.0,10.4,8.7,133.0
540,133.0,10.4,8.7,133.0
541,133.0,10.3,8.6,133.0
542,133.0,10.3,8.6,133.0
543,133.0,10.3,8.5,133.0
544,133.0,10.3,8.5,133.0
545,133.0,10.3,8.5,133.0
546,133.0,10.4,8.5,133.0
547,133.0,10.4,8.5,133.0
548,133.0,10.5,8.6,133.0
549,133.0,10.7,8.7,133.0
550,132.0,10.9,8.8,133.0
551,132.0,11.2,8.9,133.0
552,132.0,11.5,9.1,133.0
553,132.0,11.8,9.3,133.0
554,132.0,12.2,9.5,133.0
555,132.0,12.7,9.8,133.0
556,132.0,13.2,10.2,132.0
557,124.0,58.4,31.3,125.0
558,125.0,56.3,30.7,126.0
559,125.0,54.6,30.2,126.0
560,125.0,53.4,29.7,126.0
561,125.0,52.5,29.3,126.0
562,125.0,52.0,28.9,126.0
563,126.0,51.7,28.5,126.0
564,126.0,51.4,28.1,126.0
565,126.0,51.2,27.7,127.0
566,126.0,50.9,27.3,127.0
567,126.0,50.5,26.8,127.0
568,126.0,50.1,26.5,127.0
569,126.0,49.6,26.2,127.0
570,127.0,49.0,25.9,127.0
571,127.0,48.3,25.6,127.0
572,127.0,47.6,25.2,127.0
573,127.0,46.7,24.8,128.0
574,127.0,45.8,24.5,128.0
575,127.0,44.9,24.2,128.0
576,127.0,44.1,23.9,128.0
577,116.0,79.1,51.9,118.0
578,116.0,78.9,52.0,118.0
579,116.0,78.6,52.1,118.0
580,116.0,78.2,52.2,118.0
581,116.0,77.8,52.1,118.0
582,116.0,77.3,52.0,118.0
583,116.0,76.9,51.8,118.0
584,116.0,76.4,51.5,118.0
585,117.0,75.9,51.1,118.0
586,117.0,75.4,50.6,118.0
587,117.0,74.9,50.1,118.0
588,117.0,74.4,49.5,119.0
589,118.0,73.9,49.0,119.0
590,118.0,73.4,48.5,119.0
591,118.0,72.7,48.0,119.0
592,118.0,71.9,47.4,119.0
593,118.0,70.9,46.9,120.0
594,119.0,69.5,46.4,120.0
595,119.0,68.0,45.9,120.0
596,119.0,66.3,45.5,120.0
597,134.0,20.9,8.7,134.0
598,134.0,20.4,8.5,134.0
599,134.0,20.1,8.3,134.0
600,134.0,19.8,8.1,134.0
601,134.0,19.7,8.0,134.0
602,134.0,19.5,7.8,134.0
603,134.0,19.5,7.8,134.0
604,134.0,19.5,7.7,134.0
605,134.0,19.5,7.6,134.0
606,134.0,19.4,7.6,134.0
607,134.0,19.3,7.5,134.0
608,134.0,19.3,7.5,134.0
609,134.0,19.3,7.5,134.0
610,134.0,19.3,7.6,134.0
611,134.0,19.3,7.6,134.0
612,134.0,19.3,7.7,134.0
613,134.0,19.4,7.8,134.0
614,134.0,19.5,7.9,134.0
615,134.0,19.7,8.1,134.0
616,134.0,20.1,8.4,134.0
617,130.0,28.5,21.9,130.0
618,130.0,27.0,20.9,130.0
619,130.0,25.8,20.1,131.0
620,131.0,24.6,19.4,131.0
621,131.0,23.6,18.8,131.0
622,131.0,22.6,18.1,131.0
623,131.0,21.7,17.4,132.0
624,132.0,20.8,16.7,132.0
625,132.0,20.1,16.2,132.0
626,132.0,19.5,15.6,132.0
627,132.0,19.0,15.1,133.0
628,132.0,18.6,14.8,133.0
629,133.0,18.3,14.7,133.0
630,133.0,18.2,14.7,133.0
631,133.0,18.1,14.6,133.0
632,133.0,18.2,14.8,133.0
633,133.0,18.3,15.0,133.0
634,133.0,18.4,15.1,133.0
635,133.0,18.5,15.2,133.0
636,133.0,18.8,15.4,133.0
637,125.0,30.2,30.1,126.0
638,125.0,30.0,29.6,126.0
639,126.0,29.8,29.1,126.0
640,126.0,29.5,28.6,126.0
641,126.0,29.3,28.0,126.0
642,126.0,28.9,27.3,127.0
643,127.0,28.5,26.6,127.0
644,127.0,28.0,25.7,127.0
645,127.0,27.5,24.8,128.0
646,128.0,26.9,24.0,128.0
647,128.0,26.3,23.2,129.0
648,129.0,25.6,22.5,129.0
649,129.0,24.9,22.0,129.0
650,129.0,24.3,21.5,129.0
651,129.0,23.8,21.2,130.0
652,129.0,23.3,21.0,130.0
653,129.0,22.9,20.9,130.0
654,129.0,22.5,20.9,130.0
655,129.0,22.3,20.9,130.0
656,129.0,22.2,21.1,130.0
657,122.0,61.3,37.9,124.0
658,123.0,60.5,37.3,124.0
659,123.0,59.9,36.8,124.0
660,123.0,59.4,36.3,124.0
661,123.0,58.8,35.8,124.0
662,123.0,58.2,35.2,125.0
663,124.0,57.5,34.6,125.0
664,124.0,56.8,34.0,125.0
665,124.0,56.2,33.5,125.0
666,124.0,55.5,33.1,125.0
667,124.0,55.0,32.7,126.0
668,125.0,54.4,32.4,126.0
669,125.0,54.1,32.2,126.0
670,125.0,53.9,32.2,126.0
671,125.0,53.8,32.3,126.0
672,125.0,53.8,32.5,126.0
673,124.0,53.9,32.7,125.0
674,124.0,53.9,32.9,125.0
675,124.0,53.9,33.1,125.0
676,124.0,53.9,33.5,125.0
677,130.0,20.1,15.9,130.0
678,130.0,19.9,15.5,131.0
679,130.0,19.8,15.1,131.0
680,131.0,19.7,14.7,131.0
681,131.0,19.7,14.3,131.0
682,131.0,19.6,13.9,131.0
683,131.0,19.5,13.5,132.0
684,131.0,19.4,13.1,132.0
685,132.0,19.3,12.8,132.0
686,132.0,19.1,12.5,132.0
687,132.0,18.9,12.2,132.0
688,132.0,18.8,12.1,132.0
689,132.0,18.7,12.1,132.0
690,132.0,18.6,12.1,132.0
691,132.0,18.6,12.2,132.0
692,132.0,18.6,12.4,132.0
693,132.0,18.6,12.6,132.0
694,132.0,18.7,12.9,132.0
695,132.0,18.8,13.2,132.0
696,131.0,19.0,13.6,132.0
697,129.0,20.5,21.1,129.0
698,129.0,20.2,20.9,129.0
699,129.0,20.0,20.8,129.0
700,129.0,19.8,20.7,129.0
701,129.0,19.7,20.7,129.0
702,129.0,19.5,20.7,129.0
703,129.0,19.4,20.6,129.0
704,129.0,19.2,20.6,129.0
705,129.0,19.0,20.5,129.0
706,129.0,18.8,20.4,129.0
707,129.0,18.7,20.4,129.0
708,129.0,18.7,20.4,129.0
709,129.0,18.7,20.4,129.0
710,129.0,18.7,20.4,129.0
711,129.0,18.8,20.4,129.0
712,129.0,19.0,20.4,129.0
713,129.0,19.2,20.5,129.0
714,129.0,19.4,20.5,129.0
715,129.0,19.8,20.7,129.0
716,129.0,20.2,20.9,129.0
717,131.0,13.4,12.2,131.0
718,131.0,13.2,12.0,131.0
719,131.0,13.1,11.9,131.0
720,131.0,13.0,11.8,131.0
721,131.0,13.0,11.8,131.0
722,131.0,12.9,11.8,131.0
723,131.0,12.9,11.8,131.0
724,131.0,12.9,11.7,131.0
725,131.0,12.8,11.7,131.0
726,131.0,12.8,11.6,131.0
727,131.0,12.8,11.7,131.0
728,131.0,12.9,11.7,131.0
729,131.0,12.9,11.8,131.0
730,131.0,13.1,11.9,131.0
731,131.0,13.2,12.1,131.0
732,131.0,13.4,12.3,131.0
733,131.0,13.7,12.5,131.0
734,131.0,13.9,12.8,131.0
735,131.0,14.2,13.1,131.0
736,131.0,14.5,13.4,131.0
737,131.0,12.9,12.0,131.0
738,131.0,13.0,12.0,131.0
739,131.0,13.1,11.9,131.0
740,131.0,13.0,11.7,131.0
741,131.0,12.8,11.5,131.0
742,131.0,12.7,11.4,131.0
743,131.0,12.7,11.4,131.0
744,131.0,12.6,11.3,131.0
745,131.0,12.5,11.2,132.0
746,131.0,12.5,11.1,132.0
747,131.0,12.6,11.1,132.0
748,131.0,12.8,11.2,132.0
749,131.0,13.0,11.3,131.0
750,131.0,13.1,11.3,131.0
751,131.0,13.3,11.4,131.0
752,131.0,13.5,11.5,131.0
753,131.0,13.8,11.6,131.0
754,131.0,14.1,11.8,131.0
755,131.0,14.2,11.9,131.0
756,131.0,14.5,12.1,131.0
757,123.0,61.5,36.7,124.0
758,123.0,60.5,36.1,124.0
759,124.0,59.4,35.3,125.0
760,124.0,58.3,34.5,125.0
761,124.0,57.2,33.7,125.0
762,125.0,56.2,32.8,126.0
763,125.0,55.4,32.2,126.0
764,125.0,54.7,31.8,126.0
765,125.0,54.0,31.2,126.0
766,126.0,53.3,30.8,126.0
767,126.0,52.8,30.5,126.0
768,126.0,52.4,30.5,126.0
769,126.0,52.1,30.6,126.0
770,126.0,52.0,30.7,126.0
771,125.0,51.9,30.8,126.0
772,125.0,51.9,31.0,126.0
773,125.0,52.0,31.2,126.0
774,125.0,52.0,31.5,126.0
775,125.0,52.0,31.7,126.0
776,125.0,52.0,32.1,126.0
777,126.0,31.9,24.8,127.0
778,126.0,31.4,23.9,127.0
779,126.0,30.9,23.1,127.0
780,127.0,30.5,22.4,127.0
781,127.0,30.1,21.7,128.0
782,127.0,29.6,21.1,128.0
783,127.0,29.2,20.4,128.0
784,128.0,28.5,19.7,128.0
785,128.0,27.8,19.0,128.0
786,128.0,27.1,18.5,129.0
787,128.0,26.3,18.0,129.0
788,128.0,25.6,17.5,129.0
789,129.0,25.0,17.0,129.0
790,129.0,24.5,16.8,129.0
791,129.0,24.3,16.7,129.0
792,129.0,24.0,16.7,129.0
793,129.0,23.8,16.7,129.0
794,129.0,23.7,16.7,129.0
795,129.0,23.6,16.8,129.0
796,129.0,23.5,17.0,129.0
797,123.0,39.6,35.9,124.0
798,123.0,39.6,35.6,124.0
799,123.0,39.8,35.5,124.0
800,123.0,40.0,35.4,124.0
801,123.0,40.1,35.1,124.0
802,123.0,40.2,34.8,124.0
803,124.0,40.0,34.4,124.0
804,124.0,39.7,34.0,124.0
805,124.0,39.1,33.5,124.0
806,124.0,38.4,32.8,125.0
807,124.0,37.7,32.2,125.0
808,124.0,36.9,31.7,125.0
809,125.0,36.2,31.2,125.0
810,125.0,35.5,30.9,125.0
811,125.0,34.9,30.5,125.0
812,125.0,34.1,29.9,126.0
813,125.0,33.5,29.4,126.0
814,125.0,33.0,29.0,126.0
815,125.0,32.5,28.7,126.0
816,126.0,32.2,28.4,126.0
817,135.0,21.9,11.1,136.0
818,135.0,22.2,10.8,136.0
819,135.0,22.5,10.7,136.0
820,135.0,22.9,10.5,136.0
821,135.0,23.3,10.4,136.0
822,135.0,23.7,10.3,136.0
823,135.0,24.1,10.2,136.0
824,135.0,24.3,10.1,136.0
825,135.0,24.5,10.0,136.0
826,135.0,24.7,9.9,135.0
827,135.0,24.9,9.8,135.0
828,135.0,24.9,9.7,135.0
829,135.0,24.9,9.7,135.0
830,135.0,24.9,9.6,135.0
831,134.0,24.9,9.7,135.0
832,134.0,24.8,9.7,135.0
833,134.0,24.7,9.8,135.0
834,134.0,24.6,9.9,135.0
835,134.0,24.6,10.1,134.0
836,134.0,24.6,10.4,134.0
837,115.0,77.7,56.3,116.0
838,115.0,76.8,55.4,116.0
839,115.0,75.9,54.6,116.0
840,115.0,75.0,53.9,117.0
841,116.0,74.1,53.1,117.0
842,116.0,73.1,52.4,117.0
843,116.0,72.2,51.6,118.0
844,117.0,71.2,50.8,118.0
845,117.0,70.3,49.9,118.0
846,117.0,69.5,49.1,119.0
847,118.0,68.9,48.3,119.0
848,118.0,68.3,47.6,119.0
849,118.0,67.9,46.9,119.0
850,119.0,67.5,46.4,120.0
851,119.0,67.2,45.8,120.0
852,119.0,66.8,45.4,120.0
853,119.0,66.3,45.0,120.0
854,119.0,65.7,44.6,120.0
855,120.0,65.0,44.3,121.0
856,120.0,64.3,44.2,121.0
857,121.0,59.5,40.8,122.0
858,121.0,58.1,40.3,122.0
859,121.0,56.8,39.9,123.0
860,122.0,55.7,39.5,123.0
861,122.0,54.7,39.1,123.0
862,122.0,53.8,38.7,123.0
863,122.0,53.0,38.2,123.0
864,122.0,52.1,37.6,123.0
865,123.0,51.3,37.1,124.0
866,123.0,50.6,36.6,124.0
867,123.0,49.9,36.2,124.0
868,123.0,49.4,35.9,124.0
869,123.0,49.0,35.7,124.0
870,123.0,48.8,35.7,124.0
871,123.0,48.7,35.7,124.0
872,123.0,48.6,35.9,124.0
873,123.0,48.7,36.1,124.0
874,123.0,48.7,36.2,124.0
875,123.0,48.8,36.4,124.0
876,123.0,48.8,36.7,124.0
877,129.0,23.1,21.6,129.0
878,129.0,22.4,21.3,129.0
879,129.0,21.8,21.2,129.0
880,129.0,21.3,21.1,129.0
881,129.0,20.7,20.9,129.0
882,129.0,20.3,20.8,129.0
883,129.0,19.8,20.8,129.0
884,129.0,19.3,20.6,129.0
885,129.0,18.7,20.4,129.0
886,129.0,18.4,20.4,129.0
887,129.0,18.1,20.5,129.0
888,129.0,18.0,20.6,129.0
889,129.0,17.8,20.7,129.0
890,129.0,17.7,20.7,129.0
891,128.0,17.7,21.0,129.0
892,128.0,17.7,21.1,129.0
893,128.0,17.7,21.2,129.0
894,128.0,17.7,21.3,129.0
895,128.0,17.8,21.4,129.0
896,128.0,18.0,21.7,129.0
897,125.0,68.5,32.4,126.0
898,125.0,66.5,31.5,126.0
899,125.0,64.4,30.6,127.0
900,126.0,62.4,29.7,127.0
901,126.0,60.4,28.7,128.0
902,127.0,58.5,27.6,128.0
903,127.0,56.9,26.5,129.0
904,128.0,55.3,25.4,129.0
905,128.0,53.8,24.3,129.0
906,129.0,52.6,23.3,130.0
907,129.0,51.6,22.6,130.0
908,129.0,51.0,22.0,130.0
909,129.0,50.6,21.8,130.0
910,129.0,50.4,21.6,130.0
911,129.0,50.3,21.7,130.0
912,129.0,50.5,21.9,130.0
913,129.0,50.9,22.2,130.0
914,128.0,51.2,22.5,129.0
915,128.0,51.6,22.9,129.0
916,128.0,52.1,23.5,129.0
917,123.0,36.3,34.1,124.0
918,123.0,36.8,33.6,124.0
919,123.0,37.3,33.1,124.0
920,123.0,38.0,32.7,124.0
921,123.0,38.7,32.5,124.0
922,123.0,39.4,32.2,124.0
923,123.0,40.0,31.9,124.0
924,123.0,40.4,31.7,124.0
925,124.0,40.5,31.4,124.0
926,124.0,40.5,31.1,124.0
927,124.0,40.4,31.0,124.0
928,124.0,40.3,30.9,124.0
929,124.0,40.1,30.9,124.0
930,124.0,39.9,30.8,124.0
931,124.0,39.8,30.8,124.0
932,124.0,39.8,30.8,124.0
933,124.0,39.9,31.0,124.0
934,124.0,39.9,31.1,124.0
935,124.0,39.9,31.2,124.0
936,124.0,39.9,31.5,124.0
937,132.0,10.7,10.3,132.0
938,132.0,10.5,10.1,132.0
939,132.0,10.4,10.0,132.0
940,132.0,10.3,9.9,132.0
941,132.0,10.3,9.8,132.0
942,132.0,10.2,9.7,133.0
943,132.0,10.2,9.6,133.0
944,132.0,10.1,9.5,133.0
945,132.0,10.1,9.5,133.0
946,132.0,10.0,9.4,133.0
947,132.0,10.0,9.4,133.0
948,132.0,10.0,9.4,133.0
949,132.0,10.1,9.5,133.0
950,132.0,10.2,9.6,132.0
951,132.0,10.4,9.7,132.0
952,132.0,10.5,9.8,132.0
953,132.0,10.8,10.0,132.0
954,132.0,11.1,10.2,132.0
955,132.0,11.4,10.5,132.0
956,132.0,11.8,10.7,132.0
957,133.0,10.9,8.2,133.0
958,133.0,10.7,8.1,133.0
959,133.0,10.7,8.1,133.0
960,133.0,10.7,8.2,133.0
961,133.0,10.9,8.2,133.0
962,133.0,10.9,8.3,133.0
963,133.0,11.0,8.3,133.0
964,132.0,11.1,8.4,133.0
965,132.0,11.2,8.4,133.0
966,132.0,11.3,8.4,133.0
967,132.0,11.4,8.4,133.0
968,132.0,11.5,8.5,133.0
969,132.0,11.7,8.6,133.0
970,132.0,11.9,8.7,133.0
971,132.0,12.3,8.9,133.0
972,132.0,12.7,9.2,133.0
973,132.0,13.1,9.5,132.0
974,132.0,13.6,9.8,132.0
975,132.0,14.2,10.1,132.0
976,132.0,14.7,10.4,132.0
977,114.0,68.3,58.6,115.0
978,114.0,67.9,58.5,115.0
979,114.0,67.4,58.4,115.0
980,114.0,67.0,58.3,115.0
981,114.0,66.4,58.2,115.0
982,114.0,65.9,58.0,115.0
983,115.0,65.4,57.8,115.0
984,115.0,64.8,57.4,116.0
985,115.0,64.2,57.1,116.0
986,115.0,63.7,56.7,116.0
987,115.0,63.2,56.3,116.0
988,116.0,62.8,55.9,116.0
989,116.0,62.3,55.4,117.0
990,116.0,61.9,54.9,117.0
991,116.0,61.5,54.4,117.0
992,116.0,60.9,54.0,117.0
993,117.0,60.1,53.6,117.0
994,117.0,59.4,53.2,117.0
995,117.0,58.6,52.8,118.0
996,117.0,57.9,52.4,118.0
997,125.0,36.9,31.6,125.0
998,125.0,35.7,31.0,125.0
999,125.0,34.4,30.4,125.0
1000,125.0,33.2,29.9,125.0
1001,125.0,31.9,29.3,126.0
1002,126.0,30.7,28.9,126.0
1003,126.0,29.6,28.7,126.0
1004,126.0,28.5,28.3,126.0
1005,126.0,27.5,27.9,126.0
1006,126.0,26.6,27.7,126.0
1007,126.0,25.7,27.4,126.0
1008,126.0,24.9,27.1,126.0
1009,126.0,24.3,26.9,126.0
1010,126.0,23.9,26.8,127.0
1011,126.0,23.7,26.8,127.0
1012,126.0,23.6,26.8,127.0
1013,126.0,23.7,26.8,127.0
1014,126.0,23.9,26.9,127.0
1015,126.0,24.2,27.2,126.0
1016,126.0,24.6,27.5,126.0
1017,132.0,11.7,9.7,132.0
1018,132.0,11.6,9.6,132.0
1019,132.0,11.6,9.5,132.0
1020,132.0,11.7,9.5,132.0
1021,132.0,11.7,9.4,132.0
1022,132.0,11.7,9.4,132.0
1023,132.0,11.7,9.3,132.0
1024,132.0,11.7,9.3,132.0
1025,132.0,11.8,9.3,132.0
1026,132.0,11.8,9.3,132.0
1027,132.0,11.9,9.3,132.0
1028,132.0,12.0,9.4,132.0
1029,132.0,12.1,9.5,132.0
1030,132.0,12.4,9.6,132.0
1031,132.0,12.7,9.8,132.0
1032,132.0,13.1,10.1,132.0
1033,132.0,13.5,10.4,132.0
1034,131.0,14.0,10.7,132.0
1035,131.0,14.5,11.1,132.0
1036,131.0,15.1,11.6,132.0
1037,118.0,76.4,48.4,119.0
1038,118.0,76.2,48.4,119.0
1039,118.0,76.0,48.6,119.0
1040,118.0,75.7,48.8,119.0
1041,118.0,75.3,48.9,119.0
1042,118.0,74.8,48.8,119.0
1043,118.0,74.2,48.6,119.0
1044,118.0,73.5,48.1,119.0
1045,118.0,72.6,47.5,119.0
1046,119.0,71.7,46.7,120.0
1047,119.0,70.5,45.7,120.0
1048,120.0,69.4,44.5,121.0
1049,120.0,68.4,43.4,121.0
1050,120.0,67.5,42.4,121.0
1051,121.0,66.5,41.1,122.0
1052,121.0,65.4,39.8,122.0
1053,122.0,64.1,38.4,123.0
1054,122.0,62.6,36.9,123.0
1055,123.0,61.0,35.6,124.0
1056,123.0,59.5,34.5,124.0
1057,131.0,14.0,12.8,131.0
1058,131.0,13.7,12.6,131.0
1059,131.0,13.5,12.4,131.0
1060,131.0,13.3,12.3,131.0
1061,131.0,13.3,12.3,131.0
1062,131.0,13.3,12.4,131.0
1063,131.0,13.3,12.3,131.0
1064,131.0,13.3,12.3,131.0
1065,131.0,13.3,12.3,131.0
1066,131.0,13.4,12.3,131.0
1067,131.0,13.6,12.4,131.0
1068,131.0,13.8,12.5,131.0
1069,131.0,14.1,12.7,131.0
1070,131.0,14.5,12.9,131.0
1071,131.0,15.0,13.2,131.0
1072,130.0,15.4,13.5,131.0
1073,130.0,15.8,13.8,131.0
1074,130.0,16.2,14.2,131.0
1075,130.0,16.5,14.6,130.0
1076,130.0,16.7,14.9,130.0
1077,128.0,24.5,24.5,128.0
1078,128.0,24.3,23.8,128.0
1079,128.0,24.2,23.2,129.0
1080,129.0,24.0,22.4,129.0
1081,129.0,24.1,22.0,129.0
1082,129.0,24.1,21.4,129.0
1083,129.0,24.1,21.0,130.0
1084,129.0,24.1,20.5,130.0
1085,130.0,24.0,20.0,130.0
1086,130.0,24.0,19.6,130.0
1087,130.0,24.1,19.4,130.0
1088,130.0,23.9,19.0,130.0
1089,130.0,23.8,18.7,130.0
1090,130.0,23.8,18.6,130.0
1091,130.0,23.7,18.5,131.0
1092,130.0,23.7,18.5,130.0
1093,130.0,23.6,18.6,130.0
1094,130.0,23.6,18.7,130.0
1095,130.0,23.6,18.8,130.0
1096,130.0,23.6,19.0,130.0
1097,129.0,32.7,22.0,130.0
1098,129.0,32.8,20.8,130.0
1099,130.0,32.9,19.8,131.0
1100,130.0,33.0,19.0,131.0
1101,131.0,32.8,18.2,132.0
1102,131.0,32.2,17.2,132.0
1103,131.0,31.4,16.4,132.0
1104,132.0,30.1,15.5,133.0
1105,132.0,28.4,14.5,133.0
1106,133.0,26.4,13.5,134.0
1107,133.0,24.0,12.5,134.0
1108,134.0,21.5,11.5,135.0
1109,134.0,19.1,10.6,135.0
1110,135.0,16.7,9.8,136.0
1111,135.0,14.7,9.1,136.0
1112,135.0,13.1,8.5,136.0
1113,136.0,11.8,8.0,136.0
1114,136.0,10.8,7.6,137.0
1115,136.0,10.2,7.3,137.0
1116,136.0,9.8,7.0,137.0
1117,116.0,80.9,51.6,118.0
1118,116.0,80.2,51.7,118.0
1119,116.0,79.6,51.8,118.0
1120,116.0,78.9,51.9,118.0
1121,116.0,78.3,51.9,118.0
1122,116.0,77.7,51.9,118.0
1123,116.0,77.2,51.8,118.0
1124,117.0,76.8,51.7,118.0
1125,117.0,76.5,51.4,118.0
1126,117.0,76.3,51.1,118.0
1127,117.0,76.2,50.8,118.0
1128,117.0,76.1,50.6,118.0
1129,117.0,76.1,50.3,119.0
1130,117.0,76.1,50.1,119.0
1131,118.0,76.1,49.8,119.0
1132,118.0,75.9,49.4,119.0
1133,118.0,75.6,48.9,119.0
1134,118.0,75.1,48.4,119.0
1135,118.0,74.4,47.9,119.0
1136,118.0,73.8,47.5,120.0
1137,116.0,79.7,53.5,117.0
1138,116.0,79.2,53.2,117.0
1139,116.0,78.6,53.0,117.0
1140,116.0,78.0,52.8,117.0
1141,116.0,77.3,52.6,118.0
1142,116.0,76.6,52.3,118.0
1143,117.0,75.9,52.0,118.0
1144,117.0,75.2,51.7,118.0
1145,117.0,74.5,51.2,118.0
1146,117.0,73.8,50.7,118.0
1147,117.0,73.2,50.2,119.0
1148,118.0,72.6,49.8,119.0
1149,118.0,72.2,49.4,119.0
1150,118.0,71.8,49.1,119.0
1151,118.0,71.3,48.9,119.0
1152,118.0,70.9,48.6,119.0
1153,118.0,70.4,48.4,119.0
1154,118.0,69.7,48.1,119.0
1155,119.0,68.9,47.9,120.0
1156,119.0,68.0,47.7,120.0
1157,120.0,39.7,44.5,120.0
1158,120.0,39.4,43.4,121.0
1159,121.0,39.2,42.4,121.0
1160,121.0,39.1,41.8,121.0
1161,121.0,39.1,41.3,122.0
1162,121.0,38.9,40.5,122.0
1163,122.0,38.6,39.6,122.0
1164,122.0,38.2,38.8,122.0
1165,122.0,37.6,38.0,123.0
1166,123.0,36.9,37.0,123.0
1167,123.0,36.0,36.0,124.0
1168,123.0,35.1,35.2,124.0
1169,124.0,34.1,34.4,124.0
1170,124.0,33.4,33.8,124.0
1171,124.0,32.5,33.2,125.0
1172,124.0,31.7,32.6,125.0
1173,124.0,31.0,32.2,125.0
1174,125.0,30.3,31.9,125.0
1175,125.0,29.8,31.7,125.0
1176,125.0,29.3,31.6,125.0
1177,115.0,64.4,53.8,116.0
1178,116.0,64.1,53.1,117.0
1179,116.0,63.8,52.4,117.0
1180,116.0,63.7,51.8,117.0
1181,117.0,63.6,51.2,117.0
1182,117.0,63.5,50.6,118.0
1183,117.0,63.5,50.1,118.0
1184,117.0,63.4,49.6,118.0
1185,118.0,63.2,49.0,118.0
1186,118.0,63.1,48.5,119.0
1187,118.0,62.9,48.0,119.0
1188,118.0,62.7,47.7,119.0
1189,118.0,62.5,47.4,119.0
1190,119.0,62.4,47.3,119.0
1191,119.0,62.2,47.2,119.0
1192,119.0,62.0,47.2,119.0
1193,119.0,61.7,47.3,119.0
1194,119.0,61.3,47.4,119.0
1195,119.0,60.7,47.5,119.0
1196,119.0,60.1,47.6,119.0
1197,128.0,35.5,21.1,129.0
1198,129.0,35.6,20.3,130.0
1199,129.0,35.7,19.6,130.0
1200,129.0,35.8,19.0,130.0
1201,130.0,35.9,18.5,131.0
1202,130.0,35.8,18.0,131.0
1203,130.0,35.6,17.6,131.0
1204,130.0,35.3,17.3,131.0
1205,131.0,34.7,17.0,131.0
1206,131.0,34.1,16.7,132.0
1207,131.0,33.3,16.5,132.0
1208,131.0,32.5,16.4,132.0
1209,131.0,31.7,16.3,132.0
1210,131.0,30.9,16.3,132.0
1211,131.0,30.0,16.4,132.0
1212,131.0,29.2,16.6,132.0
1213,131.0,28.4,16.8,132.0
1214,131.0,27.6,17.1,131.0
1215,131.0,26.9,17.4,131.0
1216,131.0,26.2,17.8,131.0
1217,130.0,20.6,19.2,130.0
1218,130.0,19.9,18.9,130.0
1219,130.0,19.4,18.7,130.0
1220,130.0,19.1,18.7,130.0
1221,130.0,18.9,18.7,130.0
1222,130.0,18.7,18.8,130.0
1223,130.0,18.7,18.9,130.0
1224,129.0,18.6,19.1,130.0
1225,129.0,18.4,19.1,130.0
1226,129.0,18.3,19.2,130.0
1227,129.0,18.3,19.4,129.0
1228,129.0,18.4,19.5,129.0
1229,129.0,18.4,19.5,129.0
1230,129.0,18.4,19.6,129.0
1231,129.0,18.4,19.5,129.0
1232,129.0,18.3,19.5,130.0
1233,129.0,18.1,19.5,130.0
1234,129.0,17.9,19.4,130.0
1235,129.0,17.9,19.4,130.0
1236,129.0,18.1,19.6,130.0
1237,132.0,10.2,9.9,133.0
1238,132.0,9.9,9.7,133.0
1239,132.0,9.7,9.5,133.0
1240,132.0,9.6,9.4,133.0
1241,132.0,9.5,9.3,133.0
1242,132.0,9.4,9.2,133.0
1243,132.0,9.4,9.2,133.0
1244,132.0,9.4,9.2,133.0
1245,132.0,9.4,9.1,133.0
1246,132.0,9.4,9.1,133.0
1247,132.0,9.4,9.1,133.0
1248,132.0,9.6,9.1,133.0
1249,132.0,9.7,9.2,133.0
1250,132.0,9.8,9.3,133.0
1251,132.0,9.9,9.3,133.0
1252,132.0,10.0,9.4,133.0
1253,132.0,10.1,9.5,133.0
1254,132.0,10.4,9.7,133.0
1255,132.0,10.6,9.9,133.0
1256,132.0,11.0,10.1,132.0
1257,116.0,69.5,54.1,116.0
1258,116.0,68.3,54.0,116.0
1259,116.0,67.3,54.0,116.0
1260,116.0,66.3,54.1,116.0
1261,116.0,65.3,54.2,116.0
1262,116.0,64.4,54.2,116.0
1263,116.0,63.4,54.2,116.0
1264,116.0,62.5,54.2,116.0
1265,116.0,61.5,54.1,117.0
1266,116.0,60.6,53.8,117.0
1267,116.0,59.7,53.6,117.0
1268,116.0,58.8,53.5,117.0
1269,117.0,58.0,53.3,117.0
1270,117.0,57.2,53.1,117.0
1271,117.0,56.4,53.0,117.0
1272,117.0,55.7,52.8,117.0
1273,117.0,55.0,52.8,117.0
1274,117.0,54.5,52.9,117.0
1275,117.0,53.9,53.0,117.0
1276,117.0,53.4,53.1,117.0
1277,124.0,43.9,32.7,124.0
1278,124.0,43.0,31.9,125.0
1279,124.0,42.1,31.1,125.0
1280,124.0,41.2,30.3,125.0
1281,125.0,40.5,29.6,125.0
1282,125.0,39.8,28.9,125.0
1283,125.0,39.1,28.2,126.0
1284,125.0,38.5,27.6,126.0
1285,125.0,37.9,27.1,126.0
1286,126.0,37.5,26.6,126.0
1287,126.0,37.1,26.3,126.0
1288,126.0,36.9,26.2,126.0
1289,126.0,36.9,26.3,126.0
1290,126.0,37.0,26.6,126.0
1291,126.0,37.2,27.0,126.0
1292,125.0,37.5,27.6,126.0
1293,125.0,37.8,28.3,126.0
1294,125.0,38.0,29.0,126.0
1295,125.0,38.2,29.8,125.0
1296,125.0,38.4,30.6,125.0
1297,127.0,40.9,27.3,127.0
1298,127.0,39.6,26.4,127.0
1299,127.0,38.5,25.9,127.0
1300,127.0,37.5,25.4,128.0
1301,127.0,36.5,24.9,128.0
1302,127.0,35.5,24.5,128.0
1303,128.0,34.5,24.0,128.0
1304,128.0,33.5,23.7,128.0
1305,128.0,32.5,23.4,128.0
1306,128.0,31.6,23.1,128.0
1307,128.0,30.7,22.9,128.0
1308,128.0,29.8,22.8,128.0
1309,128.0,29.0,22.7,128.0
1310,128.0,28.3,22.8,128.0
1311,128.0,27.7,22.8,128.0
1312,128.0,27.2,22.9,128.0
1313,128.0,26.8,23.1,128.0
1314,128.0,26.5,23.4,128.0
1315,127.0,26.4,23.7,128.0
1316,127.0,26.5,24.1,128.0
1317,121.0,34.7,37.1,121.0
1318,121.0,34.1,36.4,122.0
1319,121.0,33.5,35.7,122.0
1320,122.0,32.8,34.7,122.0
1321,122.0,32.0,33.7,123.0
1322,122.0,31.1,32.7,123.0
1323,123.0,30.3,31.8,123.0
1324,123.0,29.5,30.9,124.0
1325,123.0,29.0,30.2,124.0
1326,124.0,28.4,29.5,124.0
1327,124.0,28.2,29.0,125.0
1328,124.0,28.0,28.6,125.0
1329,124.0,28.1,28.4,125.0
1330,124.0,28.3,28.2,125.0
1331,124.0,28.6,28.2,125.0
1332,124.0,28.9,28.2,125.0
1333,124.0,29.4,28.4,125.0
1334,132.0,12.7,10.8,132.0
1335,132.0,12.5,10.6,132.0
1336,132.0,12.3,10.4,132.0
1337,132.0,12.1,10.4,132.0
1338,132.0,12.0,10.3,132.0
1339,132.0,11.9,10.3,132.0
1340,132.0,11.9,10.3,132.0
1341,132.0,12.0,10.4,132.0
1342,132.0,12.1,10.5,132.0
1343,132.0,12.2,10.5,132.0
1344,132.0,12.4,10.6,132.0
1345,131.0,12.5,10.6,132.0
1346,131.0,12.6,10.7,132.0
1347,131.0,12.7,10.8,132.0
1348,131.0,12.9,10.9,132.0
1349,131.0,13.0,11.0,132.0
1350,131.0,13.2,11.2,132.0
1351,131.0,13.5,11.4,132.0
1352,131.0,13.8,11.6,132.0
1353,131.0,14.1,11.9,132.0
1354,131.0,14.0,12.4,131.0
1355,131.0,13.5,12.0,132.0
1356,131.0,13.2,11.6,132.0
1357,131.0,12.8,11.3,132.0
1358,131.0,12.6,11.1,132.0
1359,131.0,12.5,11.0,132.0
1360,131.0,12.4,11.0,132.0
1361,131.0,12.4,11.0,132.0
1362,131.0,12.4,11.0,132.0
1363,131.0,12.4,11.0,132.0
1364,131.0,12.5,11.0,132.0
1365,131.0,12.5,11.1,132.0
1366,131.0,12.6,11.2,132.0
1367,131.0,12.7,11.2,132.0
1368,131.0,12.8,11.4,132.0
1369,131.0,13.0,11.5,132.0
1370,131.0,13.3,11.7,132.0
1371,131.0,13.5,12.0,132.0
1372,131.0,13.9,12.3,132.0
1373,131.0,14.3,12.6,131.0
1374,131.0,12.3,11.8,132.0
1375,131.0,12.1,11.6,132.0
1376,131.0,12.0,11.6,132.0
1377,131.0,12.0,11.5,132.0
1378,131.0,12.0,11.4,132.0
1379,131.0,12.0,11.4,132.0
1380,131.0,12.1,11.4,132.0
1381,131.0,12.1,11.4,132.0
1382,131.0,12.2,11.4,132.0
1383,131.0,12.2,11.3,132.0
1384,131.0,12.3,11.4,132.0
1385,131.0,12.5,11.5,132.0
1386,131.0,12.7,11.6,132.0
1387,131.0,13.0,11.9,131.0
1388,131.0,13.3,12.1,131.0
1389,131.0,13.6,12.3,131.0
1390,131.0,13.9,12.6,131.0
1391,131.0,14.2,12.9,131.0
1392,131.0,14.5,13.2,131.0
1393,131.0,14.9,13.5,131.0
1394,128.0,27.7,24.7,128.0
1395,128.0,27.4,23.9,128.0
1396,128.0,27.3,23.3,129.0
1397,128.0,27.3,22.8,129.0
1398,128.0,27.3,22.4,129.0
1399,129.0,27.2,21.9,129.0
1400,129.0,27.2,21.5,129.0
1401,129.0,27.1,21.0,129.0
1402,129.0,26.9,20.6,130.0
1403,129.0,26.6,20.2,130.0
1404,129.0,26.3,19.8,130.0
1405,130.0,25.9,19.6,130.0
1406,130.0,25.5,19.3,130.0
1407,130.0,25.1,19.2,130.0
1408,130.0,24.9,19.2,130.0
1409,130.0,24.5,19.2,130.0
1410,130.0,24.3,19.3,130.0
1411,129.0,24.0,19.4,130.0
1412,129.0,23.7,19.5,130.0
1413,129.0,23.6,19.7,130.0
1414,127.0,15.1,21.2,127.0
1415,127.0,14.9,21.3,127.0
1416,127.0,14.9,21.3,127.0
1417,127.0,14.9,21.3,127.0
1418,127.0,14.9,21.2,127.0
1419,127.0,15.0,21.1,127.0
1420,127.0,15.1,21.0,127.0
1421,127.0,15.1,20.8,128.0
1422,127.0,15.2,20.5,128.0
1423,127.0,15.2,20.2,128.0
1424,128.0,15.3,20.0,128.0
1425,128.0,15.4,19.8,128.0
1426,128.0,15.4,19.6,128.0
1427,128.0,15.5,19.4,128.0
1428,128.0,15.7,19.2,128.0
1429,128.0,15.8,19.1,128.0
1430,128.0,16.0,19.0,128.0
1431,128.0,16.2,19.0,128.0
1432,128.0,16.5,18.9,128.0
1433,128.0,16.7,18.9,128.0
1434,125.0,32.6,30.2,126.0
1435,125.0,32.0,29.6,126.0
1436,125.0,31.5,29.2,126.0
1437,125.0,31.3,29.0,126.0
1438,125.0,31.2,28.8,126.0
1439,126.0,31.1,28.7,126.0
1440,126.0,31.1,28.8,126.0
1441,126.0,30.9,28.7,126.0
1442,126.0,30.8,28.8,126.0
1443,126.0,30.6,28.9,126.0
1444,125.0,30.4,29.1,126.0
1445,125.0,30.5,29.8,126.0
1446,125.0,30.5,30.4,126.0
1447,125.0,30.6,31.2,125.0
1448,125.0,30.9,32.2,125.0
1449,124.0,31.3,33.3,125.0
1450,124.0,31.7,34.5,124.0
1451,123.0,32.1,35.7,124.0
1452,123.0,32.4,36.8,124.0
1453,123.0,32.7,38.0,123.0
1454,124.0,41.9,34.8,124.0
1455,124.0,39.6,34.0,124.0
1456,124.0,37.6,33.2,125.0
1457,125.0,35.9,32.3,125.0
1458,125.0,34.3,31.5,125.0
1459,125.0,32.9,30.7,126.0
1460,125.0,31.5,29.9,126.0
1461,126.0,30.0,29.1,126.0
1462,126.0,28.6,28.3,126.0
1463,126.0,27.2,27.7,127.0
1464,126.0,26.0,27.3,127.0
1465,126.0,24.8,27.1,127.0
1466,126.0,23.8,27.1,127.0
1467,126.0,22.9,27.1,127.0
1468,126.0,22.2,27.3,127.0
1469,126.0,21.7,27.5,127.0
1470,126.0,21.6,27.7,127.0
1471,126.0,21.7,28.0,126.0
1472,126.0,22.2,28.3,126.0
1473,126.0,23.0,28.6,126.0
1474,123.0,56.7,38.9,124.0
1475,123.0,54.6,37.8,125.0
1476,124.0,52.5,36.6,125.0
1477,124.0,50.6,35.5,126.0
1478,125.0,48.8,34.4,126.0
1479,125.0,46.9,33.2,127.0
1480,126.0,45.3,32.1,127.0
1481,126.0,43.7,30.9,128.0
1482,127.0,42.0,29.8,128.0
1483,127.0,40.7,28.9,128.0
1484,127.0,39.9,28.1,129.0
1485,128.0,39.4,27.6,129.0
1486,128.0,39.3,27.2,129.0
1487,128.0,39.3,27.1,129.0
1488,128.0,39.7,27.0,129.0
1489,128.0,40.1,27.1,129.0
1490,128.0,40.6,27.2,129.0
1491,127.0,41.4,27.3,129.0
1492,127.0,42.0,27.5,128.0
1493,127.0,42.8,27.9,128.0
1494,128.0,20.0,24.0,128.0
1495,128.0,19.4,23.3,128.0
1496,128.0,18.9,22.5,129.0
1497,128.0,18.6,22.1,129.0
1498,129.0,18.3,21.6,129.0
1499,129.0,17.9,21.1,129.0
1500,129.0,17.5,20.3,130.0
1501,129.0,17.3,19.9,130.0
1502,129.0,17.3,19.9,130.0
1503,129.0,17.5,20.3,129.0
1504,129.0,17.4,20.3,129.0
1505,129.0,17.5,20.6,129.0
1506,129.0,17.7,21.0,129.0
1507,128.0,18.1,21.7,129.0
1508,128.0,18.4,22.1,128.0
1509,128.0,18.6,22.4,128.0
1510,128.0,18.8,22.7,128.0
1511,128.0,19.2,23.1,128.0
1512,128.0,19.4,23.4,128.0
1513,128.0,19.8,23.7,128.0
1514,122.0,42.8,36.5,123.0
1515,122.0,41.4,36.1,123.0
1516,123.0,40.2,35.9,123.0
1517,123.0,39.3,35.7,123.0
1518,123.0,38.5,35.4,123.0
1519,123.0,37.8,35.3,123.0
1520,123.0,37.3,35.1,123.0
1521,123.0,36.6,34.7,123.0
1522,123.0,35.9,34.4,124.0
1523,123.0,35.3,34.2,124.0
1524,123.0,34.7,34.1,124.0
1525,123.0,34.2,33.9,124.0
1526,123.0,34.0,33.9,124.0
1527,123.0,33.7,34.1,124.0
1528,123.0,33.6,34.3,124.0
1529,123.0,33.6,34.7,124.0
1530,123.0,33.5,34.9,123.0
1531,123.0,33.4,35.1,123.0
1532,123.0,33.3,35.5,123.0
1533,123.0,33.4,35.8,123.0
1534,120.0,50.2,41.8,121.0
1535,120.0,49.3,40.9,121.0
1536,121.0,48.4,40.1,122.0
1537,121.0,47.7,39.4,122.0
1538,121.0,46.9,38.6,122.0
1539,121.0,46.2,37.9,122.0
1540,122.0,45.4,37.3,123.0
1541,122.0,44.7,36.7,123.0
1542,122.0,44.0,36.2,123.0
1543,122.0,43.4,35.9,123.0
1544,123.0,42.9,35.6,123.0
1545,123.0,42.4,35.5,124.0
1546,123.0,42.0,35.6,124.0
1547,123.0,41.8,35.8,124.0
1548,123.0,41.6,36.2,123.0
1549,123.0,41.5,36.6,123.0
1550,122.0,41.4,37.2,123.0
1551,122.0,41.3,37.7,123.0
1552,122.0,41.3,38.4,123.0
1553,122.0,41.4,39.0,123.0
1554,128.0,27.4,23.8,128.0
1555,128.0,26.5,23.4,128.0
1556,128.0,25.7,22.9,128.0
1557,128.0,25.0,22.5,128.0
1558,128.0,24.3,22.0,128.0
1559,128.0,23.5,21.6,129.0
1560,128.0,22.8,21.2,129.0
1561,129.0,22.3,21.0,129.0
1562,129.0,21.7,20.7,129.0
1563,129.0,21.3,20.6,129.0
1564,129.0,20.9,20.6,129.0
1565,129.0,20.6,20.7,129.0
1566,129.0,20.3,20.8,129.0
1567,129.0,20.0,20.9,129.0
1568,128.0,19.7,21.0,129.0
1569,128.0,19.5,21.1,129.0
1570,128.0,19.3,21.2,129.0
1571,128.0,19.2,21.3,129.0
1572,128.0,19.2,21.4,129.0
1573,128.0,19.4,21.6,129.0
1574,126.0,26.1,26.4,127.0
1575,126.0,25.3,26.1,127.0
1576,127.0,24.6,25.8,127.0
1577,127.0,24.0,25.7,127.0
1578,127.0,23.6,25.6,127.0
1579,127.0,23.0,25.5,127.0
1580,127.0,22.5,25.3,127.0
1581,127.0,22.1,25.2,127.0
1582,127.0,21.7,25.1,127.0
1583,127.0,21.5,25.0,127.0
1584,127.0,21.2,24.9,127.0
1585,127.0,21.2,25.1,127.0
1586,127.0,21.3,25.4,127.0
1587,126.0,21.5,25.8,127.0
1588,126.0,21.6,26.2,127.0
1589,126.0,21.8,26.6,127.0
1590,126.0,22.0,27.1,126.0
1591,126.0,22.3,27.5,126.0
1592,126.0,22.5,27.9,126.0
1593,126.0,22.8,28.3,126.0
1594,123.0,48.5,36.5,124.0
1595,124.0,48.7,35.6,124.0
1596,124.0,48.8,34.7,125.0
1597,124.0,49.0,33.9,125.0
1598,125.0,49.2,33.1,126.0
1599,125.0,49.5,32.4,126.0
1600,125.0,49.9,31.7,126.0
1601,126.0,49.8,30.9,126.0
1602,126.0,49.9,30.2,127.0
1603,126.0,49.2,29.5,127.0
1604,126.0,48.7,29.1,127.0
1605,127.0,48.7,28.5,128.0
1606,127.0,49.0,27.9,128.0
1607,127.0,49.3,27.5,128.0
1608,127.0,49.7,27.3,128.0
1609,127.0,50.3,27.1,128.0
1610,127.0,50.3,27.0,128.0
1611,127.0,50.5,26.9,128.0
1612,127.0,50.7,27.1,128.0
1613,127.0,51.4,27.5,128.0
1614,117.0,81.0,52.6,118.0
1615,117.0,79.6,51.5,118.0
1616,117.0,78.2,50.3,119.0
1617,118.0,76.9,49.6,119.0
1618,118.0,75.6,48.8,119.0
1619,118.0,74.4,48.0,119.0
1620,118.0,73.3,47.2,120.0
1621,119.0,72.5,46.3,120.0
1622,119.0,71.8,45.5,120.0
1623,119.0,71.4,44.7,121.0
1624,120.0,71.3,44.0,121.0
1625,120.0,71.4,43.3,121.0
1626,120.0,71.6,42.8,121.0
1627,120.0,71.9,42.4,122.0
1628,121.0,72.2,42.1,122.0
1629,121.0,72.5,41.9,122.0
1630,121.0,72.7,41.8,122.0
1631,121.0,72.7,41.7,122.0
1632,121.0,72.6,41.8,122.0
1633,121.0,72.3,41.9,122.0
1634,124.0,33.2,32.6,125.0
1635,124.0,32.7,32.1,125.0
1636,124.0,32.3,31.8,125.0
1637,125.0,32.0,31.4,125.0
1638,125.0,31.6,31.1,125.0
1639,125.0,31.0,30.7,125.0
1640,125.0,30.4,30.3,125.0
1641,125.0,29.5,29.8,126.0
1642,125.0,28.8,29.5,126.0
1643,125.0,28.1,29.1,126.0
1644,125.0,27.5,28.8,126.0
1645,125.0,27.1,28.7,126.0
1646,128.0,23.8,22.0,129.0
1647,129.0,23.2,21.6,129.0
1648,129.0,22.6,21.1,129.0
1649,129.0,22.1,20.8,129.0
1650,129.0,21.5,20.2,129.0
1651,129.0,20.7,19.4,130.0
1652,130.0,20.0,19.0,130.0
1653,130.0,19.3,18.7,130.0
1654,130.0,18.6,18.5,130.0
1655,130.0,18.0,18.4,130.0
1656,130.0,17.5,18.4,130.0
1657,130.0,17.1,18.5,130.0
1658,130.0,17.0,18.7,130.0
1659,129.0,17.1,18.9,130.0
1660,129.0,17.3,19.0,130.0
1661,129.0,17.5,19.0,130.0
1662,129.0,17.5,19.1,130.0
1663,129.0,17.6,19.3,130.0
1664,129.0,17.6,19.6,129.0
1665,129.0,17.8,19.9,129.0
1666,133.0,9.9,8.7,133.0
1667,133.0,9.7,8.5,133.0
1668,133.0,9.5,8.4,133.0
1669,133.0,9.4,8.4,133.0
1670,133.0,9.4,8.4,133.0
1671,133.0,9.3,8.4,133.0
1672,133.0,9.3,8.5,133.0
1673,133.0,9.3,8.5,133.0
1674,133.0,9.4,8.6,133.0
1675,133.0,9.4,8.6,133.0
1676,133.0,9.5,8.6,133.0
1677,133.0,9.6,8.7,133.0
1678,132.0,9.7,8.8,133.0
1679,132.0,9.9,8.9,133.0
1680,132.0,10.1,9.0,133.0
1681,132.0,10.3,9.2,133.0
1682,132.0,10.6,9.4,133.0
1683,132.0,11.0,9.6,133.0
1684,132.0,11.3,9.8,132.0
1685,132.0,11.7,10.1,132.0
1686,121.0,64.4,42.3,122.0
1687,121.0,62.5,42.0,122.0
1688,121.0,61.0,41.8,122.0
1689,121.0,59.6,41.4,122.0
1690,121.0,58.4,40.9,122.0
1691,122.0,57.2,40.3,123.0
1692,122.0,56.2,39.8,123.0
1693,122.0,55.2,39.3,123.0
1694,122.0,54.1,38.7,123.0
1695,123.0,53.2,38.1,124.0
1696,123.0,52.3,37.7,124.0
1697,123.0,51.6,37.4,124.0
1698,123.0,51.0,37.3,124.0
1699,123.0,50.6,37.2,124.0
1700,123.0,50.2,37.2,124.0
1701,123.0,49.9,37.2,124.0
1702,123.0,49.7,37.3,124.0
1703,123.0,49.6,37.4,124.0
1704,123.0,49.5,37.5,124.0
1705,123.0,49.5,37.7,123.0
1706,122.0,76.4,37.1,124.0
1707,122.0,75.3,36.7,124.0
1708,122.0,74.0,36.4,124.0
1709,123.0,72.5,36.1,124.0
1710,123.0,71.2,35.7,124.0
1711,123.0,69.9,35.0,125.0
1712,123.0,68.9,34.2,125.0
1713,124.0,68.0,33.3,125.0
1714,124.0,67.0,32.3,126.0
1715,125.0,65.9,31.3,126.0
1716,125.0,64.8,30.5,126.0
1717,125.0,63.4,29.9,127.0
1718,125.0,61.7,29.6,127.0
1719,125.0,60.0,29.4,127.0
1720,125.0,58.6,29.4,127.0
1721,125.0,57.6,29.5,127.0
1722,125.0,56.8,29.6,127.0
1723,125.0,56.2,29.9,126.0
1724,125.0,55.6,30.2,126.0
1725,125.0,55.1,30.6,126.0
1726,123.0,20.2,35.0,123.0
1727,123.0,19.8,34.6,123.0
1728,123.0,19.6,34.1,123.0
1729,123.0,19.4,33.4,124.0
1730,123.0,19.4,32.8,124.0
1731,124.0,19.5,32.4,124.0
1732,124.0,19.6,31.9,124.0
1733,124.0,19.7,31.4,124.0
1734,124.0,19.8,31.0,125.0
1735,124.0,19.9,30.6,125.0
1736,124.0,20.1,30.4,125.0
1737,124.0,20.2,30.2,125.0
1738,125.0,20.4,30.0,125.0
1739,125.0,20.8,30.1,125.0
1740,124.0,21.3,30.4,125.0
1741,124.0,21.8,30.7,125.0
1742,124.0,22.5,30.9,125.0
1743,124.0,23.1,31.3,124.0
1744,124.0,23.8,31.6,124.0
1745,124.0,24.6,32.0,124.0
1746,119.0,44.9,47.9,119.0
1747,119.0,42.5,47.0,120.0
1748,119.0,40.3,46.2,120.0
1749,120.0,38.5,45.6,120.0
1750,120.0,37.0,45.0,120.0
1751,120.0,35.8,44.7,120.0
1752,120.0,34.8,44.4,120.0
1753,120.0,34.1,44.2,121.0
1754,120.0,33.6,44.1,121.0
1755,120.0,33.4,44.1,121.0
1756,120.0,33.4,44.4,121.0
1757,120.0,33.6,44.8,120.0
1758,120.0,33.9,45.5,120.0
1759,120.0,34.4,46.3,120.0
1760,119.0,35.0,47.3,120.0
1761,119.0,35.6,48.3,119.0
1762,119.0,36.3,49.4,119.0
1763,118.0,36.8,50.4,119.0
1764,118.0,37.3,51.4,118.0
1765,118.0,37.8,52.3,118.0
1766,112.0,85.0,63.1,113.0
1767,112.0,84.5,62.7,113.0
1768,112.0,84.0,62.3,114.0
1769,112.0,83.6,62.0,114.0
1770,112.0,83.1,61.5,114.0
1771,113.0,82.7,61.0,114.0
1772,113.0,82.3,60.5,114.0
1773,113.0,82.0,60.0,115.0
1774,113.0,81.9,59.4,115.0
1775,114.0,81.8,58.9,115.0
1776,114.0,81.8,58.5,115.0
1777,114.0,81.7,58.2,115.0
1778,114.0,81.8,58.0,116.0
1779,114.0,81.8,58.0,116.0
1780,114.0,81.7,58.0,116.0
1781,114.0,81.4,58.2,116.0
1782,114.0,81.0,58.4,115.0
1783,114.0,80.4,58.6,115.0
1784,114.0,79.8,58.8,115.0
1785,114.0,79.0,59.0,115.0
1786,131.0,15.1,13.5,131.0
1787,131.0,14.9,13.2,131.0
1788,131.0,14.7,13.0,131.0
1789,131.0,14.7,12.8,131.0
1790,131.0,14.6,12.6,131.0
1791,131.0,14.6,12.4,131.0
1792,131.0,14.6,12.3,131.0
1793,131.0,14.7,12.2,131.0
1794,131.0,14.8,12.2,131.0
1795,131.0,14.9,12.1,131.0
1796,131.0,15.0,12.1,131.0
1797,131.0,15.0,12.1,131.0
1798,131.0,15.2,12.1,131.0
1799,131.0,15.3,12.2,131.0
1800,131.0,15.5,12.2,131.0
1801,131.0,15.8,12.4,131.0
1802,131.0,16.1,12.6,131.0
1803,131.0,16.4,12.8,131.0
1804,131.0,16.9,13.2,131.0
1805,131.0,17.4,13.6,131.0
1806,118.0,73.8,48.0,119.0
1807,118.0,73.6,47.8,119.0
1808,118.0,73.3,47.6,119.0
1809,118.0,73.0,47.4,120.0
1810,118.0,72.6,47.2,120.0
1811,119.0,72.2,47.1,120.0
1812,119.0,71.7,46.8,120.0
1813,119.0,71.2,46.5,120.0
1814,119.0,70.7,46.1,120.0
1815,119.0,70.3,45.7,120.0
1816,119.0,69.9,45.3,120.0
1817,119.0,69.5,44.9,121.0
1818,120.0,69.2,44.5,121.0
1819,120.0,68.9,44.2,121.0
1820,120.0,68.6,43.8,121.0
1821,120.0,68.2,43.6,121.0
1822,120.0,67.7,43.3,121.0
1823,120.0,67.1,43.1,121.0
1824,120.0,66.3,42.9,121.0
1825,120.0,65.5,42.8,121.0
1826,132.0,30.7,17.9,132.0
1827,132.0,29.6,18.0,132.0
1828,132.0,28.8,18.0,132.0
1829,131.0,28.3,18.1,132.0
1830,131.0,28.1,18.2,132.0
1831,131.0,27.9,18.3,132.0
1832,131.0,27.6,18.3,132.0
1833,131.0,27.3,18.3,132.0
1834,131.0,27.0,18.3,132.0
1835,131.0,26.6,18.3,131.0
1836,131.0,26.5,18.4,131.0
1837,131.0,26.5,18.6,131.0
1838,131.0,26.7,19.0,131.0
1839,130.0,27.0,19.4,131.0
1840,130.0,27.1,20.0,131.0
1841,130.0,27.4,20.5,130.0
1842,130.0,27.9,21.2,130.0
1843,129.0,28.7,21.9,130.0
1844,129.0,29.6,22.6,129.0
1845,129.0,30.7,23.4,129.0
1846,129.0,30.7,23.2,130.0
1847,130.0,30.0,22.3,130.0
1848,130.0,29.4,21.5,131.0
1849,130.0,28.9,20.8,131.0
1850,131.0,28.4,20.2,131.0
1851,131.0,28.0,19.5,132.0
1852,131.0,27.5,18.9,132.0
1853,132.0,26.9,18.2,132.0
1854,132.0,26.3,17.6,132.0
1855,132.0,25.7,17.0,133.0
1856,132.0,25.1,16.5,133.0
1857,132.0,24.5,16.0,133.0
1858,132.0,23.9,15.6,133.0
1859,133.0,23.4,15.3,133.0
1860,133.0,22.9,15.1,133.0
1861,133.0,22.5,14.9,133.0
1862,133.0,22.2,14.8,133.0
1863,133.0,21.9,14.8,133.0
1864,132.0,21.7,14.9,133.0
1865,132.0,21.7,15.1,133.0
1866,126.0,38.6,28.9,126.0
1867,126.0,37.0,28.5,126.0
1868,126.0,35.5,28.1,126.0
1869,126.0,34.0,27.6,126.0
1870,126.0,32.7,27.1,127.0
1871,126.0,31.7,26.8,127.0
1872,126.0,30.8,26.6,127.0
1873,127.0,29.9,26.3,127.0
1874,127.0,29.0,26.1,127.0
1875,127.0,28.4,26.0,127.0
1876,127.0,27.8,25.9,127.0
1877,127.0,27.4,26.0,127.0
1878,127.0,26.8,25.9,127.0
1879,127.0,26.4,25.8,127.0
1880,127.0,26.3,25.9,127.0
1881,127.0,26.3,25.9,127.0
1882,127.0,26.3,25.9,127.0
1883,127.0,26.5,26.0,127.0
1884,127.0,26.7,26.0,127.0
1885,127.0,27.0,26.0,127.0
1886,132.0,32.6,14.9,132.0
1887,132.0,30.8,15.0,132.0
1888,131.0,29.4,15.3,132.0
1889,131.0,28.5,15.7,132.0
1890,131.0,27.7,16.0,131.0
1891,131.0,26.9,16.0,131.0
1892,131.0,25.9,15.5,131.0
1893,131.0,25.0,15.2,132.0
1894,131.0,24.3,14.9,132.0
1895,131.0,23.6,14.6,132.0
1896,131.0,22.9,14.2,132.0
1897,131.0,22.2,13.9,132.0
1898,131.0,21.7,13.7,132.0
1899,131.0,21.4,13.7,132.0
1900,131.0,21.0,13.5,132.0
1901,131.0,20.8,13.4,132.0
1902,131.0,20.7,13.4,132.0
1903,131.0,20.8,13.5,132.0
1904,131.0,21.2,13.6,132.0
1905,131.0,21.7,13.9,132.0
1906,131.0,16.7,15.9,131.0
1907,131.0,16.1,15.9,131.0
1908,131.0,15.5,16.0,131.0
1909,131.0,15.1,16.1,131.0
1910,131.0,14.7,16.2,131.0
1911,131.0,14.5,16.4,131.0
1912,131.0,14.4,16.5,131.0
1913,131.0,14.5,16.8,131.0
1914,131.0,14.7,17.1,131.0
1915,124.0,36.0,35.2,124.0
1916,124.0,35.3,34.7,124.0
1917,124.0,34.7,34.2,125.0
1918,124.0,34.5,33.8,125.0
1919,124.0,34.2,33.5,125.0
1920,124.0,34.0,33.1,125.0
1921,125.0,33.7,32.6,125.0
1922,125.0,33.3,32.0,125.0
1923,125.0,32.8,31.4,125.0
1924,125.0,32.3,30.8,126.0
1925,125.0,31.8,30.3,126.0
1926,125.0,31.3,29.9,126.0
1927,126.0,30.9,29.6,126.0
1928,126.0,30.6,29.4,126.0
1929,126.0,30.3,29.3,126.0
1930,126.0,30.1,29.3,126.0
1931,126.0,30.1,29.3,126.0
1932,126.0,30.1,29.4,126.0
1933,126.0,30.2,29.6,126.0
1934,126.0,30.4,29.8,126.0
1935,118.0,76.7,49.1,119.0
1936,118.0,75.2,49.3,119.0
1937,118.0,73.7,49.6,119.0
1938,118.0,72.3,49.8,119.0
1939,117.0,71.0,50.1,119.0
1940,117.0,69.8,50.2,119.0
1941,118.0,68.7,50.2,119.0
1942,118.0,67.5,50.0,119.0
1943,118.0,66.4,49.8,119.0
1944,118.0,65.5,49.5,119.0
1945,118.0,65.1,49.2,119.0
1946,118.0,64.7,48.9,119.0
1947,118.0,64.6,48.8,119.0
1948,118.0,64.7,48.6,119.0
1949,118.0,65.1,48.5,119.0
1950,118.0,65.5,48.4,119.0
1951,119.0,66.1,48.3,120.0
1952,119.0,66.9,48.2,120.0
1953,119.0,67.7,48.1,120.0
1954,119.0,68.2,48.1,120.0
1955,119.0,57.5,47.4,119.0
1956,119.0,56.6,46.4,119.0
1957,119.0,55.8,45.4,120.0
1958,120.0,55.0,44.5,120.0
1959,120.0,54.2,43.6,121.0
1960,120.0,53.5,42.7,121.0
1961,121.0,52.7,41.8,121.0
1962,121.0,51.9,40.9,122.0
1963,121.0,51.1,40.2,122.0
1964,122.0,50.5,39.6,122.0
1965,122.0,50.0,39.2,122.0
1966,122.0,49.6,39.1,122.0
1967,122.0,49.3,39.1,122.0
1968,122.0,49.3,39.3,122.0
1969,122.0,49.4,39.7,122.0
1970,122.0,49.5,40.1,122.0
1971,122.0,49.6,40.6,122.0
1972,121.0,49.6,41.0,122.0
1973,121.0,49.6,41.4,122.0
1974,121.0,49.6,41.9,122.0
1975,126.0,47.7,30.2,127.0
1976,126.0,47.7,29.4,127.0
1977,127.0,47.8,28.6,127.0
1978,127.0,48.2,28.1,128.0
1979,127.0,48.7,27.8,128.0
1980,127.0,48.5,27.3,128.0
1981,127.0,47.9,26.7,128.0
1982,128.0,47.2,26.2,128.0
1983,128.0,46.4,25.6,129.0
1984,128.0,45.8,25.2,129.0
1985,128.0,45.6,24.8,129.0
1986,128.0,46.2,24.5,129.0
1987,128.0,47.2,24.3,129.0
1988,128.0,47.0,24.2,129.0
1989,128.0,46.7,24.1,129.0
1990,128.0,47.0,24.1,129.0
1991,128.0,46.7,24.1,129.0
1992,128.0,46.3,24.2,129.0
1993,128.0,46.1,24.5,129.0
1994,128.0,46.1,24.9,129.0
1995,120.0,61.7,45.4,121.0
1996,120.0,59.8,43.9,121.0
1997,121.0,58.0,42.6,122.0
1998,121.0,56.3,41.5,122.0
1999,122.0,54.6,40.4,123.0
2000,122.0,53.1,39.5,123.0
2001,122.0,51.7,38.7,123.0
2002,123.0,50.4,37.9,123.0
2003,123.0,49.3,37.2,124.0
2004,123.0,48.3,36.6,124.0
2005,123.0,47.5,36.1,124.0
2006,124.0,46.7,35.7,124.0
2007,124.0,46.0,35.4,124.0
2008,124.0,45.5,35.2,124.0
2009,124.0,45.1,35.0,124.0
2010,124.0,44.8,34.9,124.0
2011,124.0,44.6,34.9,124.0
2012,124.0,44.5,35.0,124.0
2013,124.0,44.5,35.1,124.0
2014,124.0,44.6,35.4,124.0
2015,132.0,11.8,10.4,132.0
2016,132.0,11.9,10.4,132.0
2017,132.0,12.0,10.5,132.0
2018,132.0,12.1,10.6,132.0
2019,131.0,12.3,10.7,132.0
2020,131.0,12.4,10.7,132.0
2021,131.0,12.4,10.7,132.0
2022,131.0,12.4,10.7,132.0
2023,131.0,12.4,10.6,132.0
2024,131.0,12.4,10.6,132.0
2025,131.0,12.4,10.5,132.0
2026,131.0,12.5,10.6,132.0
2027,131.0,12.7,10.8,132.0
2028,131.0,13.0,11.0,132.0
2029,131.0,13.4,11.2,132.0
2030,131.0,13.7,11.4,132.0
2031,131.0,14.1,11.7,131.0
2032,131.0,14.6,12.1,131.0
2033,131.0,15.1,12.4,131.0
2034,131.0,15.5,12.7,131.0
2035,133.0,12.7,7.8,134.0
2036,133.0,12.5,7.8,133.0
2037,133.0,12.4,7.9,133.0
2038,133.0,12.3,7.9,133.0
2039,133.0,12.3,7.9,133.0
2040,133.0,12.2,7.9,133.0
2041,133.0,12.2,8.0,133.0
2042,132.0,12.3,8.1,133.0
2043,132.0,12.4,8.1,133.0
2044,132.0,12.4,8.2,133.0
2045,132.0,12.5,8.2,133.0
2046,132.0,12.7,8.4,133.0
2047,132.0,13.0,8.5,132.0
2048,132.0,13.1,8.6,132.0
2049,132.0,13.4,8.8,132.0
2050,132.0,13.8,9.1,132.0
2051,132.0,14.1,9.3,132.0
2052,132.0,14.5,9.6,132.0
2053,132.0,14.9,9.9,132.0
2054,131.0,15.3,10.2,132.0
2055,128.0,28.8,18.8,129.0
2056,129.0,26.7,17.7,130.0
2057,129.0,24.7,16.8,130.0
2058,130.0,23.0,15.9,131.0
2059,130.0,21.4,15.2,131.0
2060,130.0,20.2,14.6,131.0
2061,131.0,19.2,14.1,131.0
2062,131.0,18.4,13.7,132.0
2063,131.0,18.0,13.4,132.0
2064,131.0,17.8,13.2,132.0
2065,132.0,17.5,13.0,132.0
2066,132.0,17.4,12.8,132.0
2067,132.0,17.6,12.8,132.0
2068,132.0,17.8,13.0,133.0
2069,132.0,18.2,13.1,133.0
2070,132.0,18.5,13.4,132.0
2071,132.0,19.0,13.7,132.0
2072,132.0,19.6,14.1,132.0
2073,131.0,20.2,14.7,132.0
2074,131.0,20.9,15.3,132.0
2075,116.0,83.9,50.7,118.0
2076,116.0,83.6,50.3,118.0
2077,117.0,83.2,49.8,119.0
2078,117.0,82.7,49.4,119.0
2079,117.0,82.1,49.0,119.0
2080,117.0,81.5,48.7,119.0
2081,117.0,80.8,48.4,119.0
2082,117.0,80.0,48.3,119.0
2083,117.0,79.3,48.1,119.0
2084,117.0,78.5,47.9,119.0
2085,117.0,77.8,47.7,119.0
2086,118.0,77.1,47.7,119.0
2087,118.0,76.5,47.9,119.0
2088,118.0,76.0,48.0,119.0
2089,118.0,75.6,48.1,119.0
2090,117.0,75.1,48.3,119.0
2091,117.0,74.5,48.4,119.0
2092,117.0,73.8,48.5,119.0
2093,118.0,72.9,48.6,119.0
2094,118.0,72.0,48.6,119.0
2095,114.0,79.3,58.7,115.0
2096,114.0,78.7,58.4,115.0
2097,114.0,78.1,58.1,116.0
2098,114.0,77.4,57.8,116.0
2099,115.0,76.6,57.4,116.0
2100,115.0,75.8,56.9,116.0
2101,115.0,75.0,56.5,116.0
2102,115.0,74.3,56.0,117.0
2103,115.0,73.6,55.6,117.0
2104,116.0,73.1,55.3,117.0
2105,116.0,72.6,55.1,117.0
2106,116.0,72.2,54.8,117.0
2107,116.0,71.9,54.6,117.0
2108,116.0,71.8,54.6,117.0
2109,116.0,71.5,54.7,117.0
2110,116.0,71.3,54.7,117.0
2111,116.0,70.9,54.7,117.0
2112,116.0,70.4,54.8,117.0
2113,116.0,69.7,54.9,117.0
2114,116.0,68.9,55.0,117.0
2115,131.0,12.2,11.4,132.0
2116,131.0,12.0,11.2,132.0
2117,131.0,11.9,11.0,132.0
2118,131.0,11.8,10.8,132.0
2119,131.0,11.7,10.7,132.0
2120,131.0,11.7,10.7,132.0
2121,131.0,11.7,10.6,132.0
2122,131.0,11.7,10.6,132.0
2123,131.0,11.7,10.5,132.0
2124,131.0,11.7,10.5,132.0
2125,131.0,11.7,10.5,132.0
2126,131.0,11.7,10.5,132.0
2127,131.0,11.8,10.6,132.0
2128,131.0,11.9,10.6,132.0
2129,131.0,12.0,10.7,132.0
2130,131.0,12.2,10.9,132.0
2131,131.0,12.5,11.0,132.0
2132,131.0,12.8,11.3,132.0
2133,131.0,13.1,11.6,132.0
2134,131.0,13.5,11.9,131.0
2135,122.0,39.6,37.7,123.0
2136,123.0,38.7,36.8,123.0
2137,123.0,38.0,36.1,124.0
2138,123.0,37.4,35.4,124.0
2139,124.0,36.6,34.5,124.0
2140,124.0,35.8,33.7,124.0
2141,124.0,35.1,33.0,125.0
2142,124.0,34.1,32.1,125.0
2143,125.0,33.0,31.2,125.0
2144,125.0,31.8,30.3,126.0
2145,125.0,30.5,29.5,126.0
2146,125.0,29.4,29.0,126.0
2147,125.0,28.4,28.8,126.0
2148,125.0,27.6,28.7,126.0
2149,125.0,26.8,28.7,126.0
2150,125.0,26.1,28.7,126.0
2151,125.0,25.6,28.8,126.0
2152,125.0,25.2,29.0,126.0
2153,125.0,24.7,29.0,126.0
2154,125.0,24.3,29.1,126.0
2155,120.0,61.7,39.8,121.0
2156,120.0,60.8,39.8,121.0
2157,120.0,60.3,40.0,121.0
2158,120.0,60.0,40.4,121.0
2159,120.0,59.8,40.8,121.0
2160,120.0,59.7,41.2,121.0
2161,120.0,59.7,41.5,121.0
2162,120.0,59.6,41.8,121.0
2163,120.0,59.5,42.0,121.0
2164,120.0,59.3,42.1,121.0
2165,120.0,59.0,42.2,121.0
2166,120.0,58.7,42.4,120.0
2167,120.0,58.2,42.4,121.0
2168,120.0,57.5,42.0,121.0
2169,120.0,56.8,41.8,121.0
2170,120.0,56.1,41.7,121.0
2171,120.0,55.4,41.5,121.0
2172,120.0,54.6,41.4,121.0
2173,120.0,53.8,41.2,121.0
2174,120.0,53.0,41.1,121.0
2175,126.0,31.0,28.6,126.0
2176,126.0,30.8,27.9,127.0
2177,126.0,30.6,27.5,127.0
2178,126.0,30.3,27.0,127.0
2179,127.0,30.1,26.6,127.0
2180,127.0,29.7,26.1,127.0
2181,127.0,29.1,25.6,127.0
2182,127.0,28.4,25.0,128.0
2183,127.0,27.4,24.3,128.0
2184,128.0,26.3,23.6,128.0
2185,128.0,25.2,22.9,128.0
2186,128.0,24.1,22.4,129.0
2187,128.0,22.9,22.0,129.0
2188,128.0,21.8,21.6,129.0
2189,129.0,20.6,21.4,129.0
2190,129.0,19.5,21.2,129.0
2191,129.0,18.5,21.1,129.0
2192,129.0,17.6,21.1,129.0
2193,128.0,16.7,21.1,129.0
2194,128.0,16.0,21.2,129.0
2195,128.0,31.3,23.9,129.0
2196,128.0,31.4,23.8,129.0
2197,128.0,31.7,23.7,129.0
2198,128.0,32.0,23.6,129.0
2199,128.0,32.3,23.7,129.0
2200,128.0,32.6,23.6,129.0
2201,128.0,32.8,23.6,128.0
2202,128.0,32.7,23.5,129.0
2203,128.0,32.3,23.0,129.0
2204,128.0,31.8,22.5,129.0
2205,129.0,31.1,22.0,129.0
2206,128.0,30.8,22.0,129.0
2207,128.0,30.5,22.0,129.0
2208,128.0,30.1,22.1,129.0
2209,128.0,29.8,22.1,129.0
2210,128.0,29.5,22.3,129.0
2211,128.0,29.2,22.5,129.0
2212,128.0,29.0,22.9,128.0
2213,128.0,28.4,22.9,128.0
2214,128.0,27.9,22.9,128.0
2215,125.0,44.1,32.4,125.0
2216,125.0,44.2,31.4,125.0
2217,125.0,44.3,30.4,126.0
2218,126.0,44.4,29.4,126.0
2219,126.0,44.4,28.3,127.0
2220,126.0,44.2,27.2,127.0
2221,127.0,43.7,26.0,127.0
2222,127.0,43.0,24.8,128.0
2223,128.0,42.0,23.7,128.0
2224,128.0,40.9,22.6,129.0
2225,128.0,39.6,21.6,129.0
2226,129.0,38.3,20.8,129.0
2227,129.0,37.0,20.3,129.0
2228,129.0,35.8,19.9,129.0
2229,129.0,34.7,19.7,129.0
2230,129.0,33.6,19.7,129.0
2231,129.0,32.5,19.8,129.0
2232,129.0,31.5,19.9,129.0
2233,129.0,30.5,20.1,129.0
2234,128.0,29.6,20.4,129.0
2235,126.0,35.0,23.6,127.0
2236,126.0,34.0,23.0,127.0
2237,126.0,32.9,22.4,128.0
2238,127.0,31.8,21.9,128.0
2239,127.0,30.6,21.4,128.0
2240,127.0,29.2,20.9,128.0
2241,127.0,27.9,20.5,128.0
2242,128.0,26.3,19.8,129.0
2243,128.0,24.6,19.0,129.0
2244,128.0,23.0,18.3,129.0
2245,129.0,21.5,17.5,130.0
2246,129.0,19.9,16.7,130.0
2247,129.0,18.5,15.8,130.0
2248,130.0,17.1,14.9,131.0
2249,130.0,16.1,14.2,131.0
2250,130.0,15.3,13.7,131.0
2251,130.0,14.7,13.1,131.0
2252,131.0,14.2,12.6,131.0
2253,131.0,13.8,12.1,132.0
2254,131.0,13.5,11.6,132.0
2255,130.0,20.6,19.8,130.0
2256,130.0,20.0,19.5,130.0
2257,130.0,19.6,19.3,130.0
2258,130.0,19.4,19.2,130.0
2259,130.0,19.2,19.1,130.0
2260,130.0,19.0,19.0,130.0
2261,130.0,18.8,18.9,130.0
2262,130.0,18.6,18.9,130.0
2263,130.0,18.3,18.7,130.0
2264,130.0,17.9,18.6,130.0
2265,130.0,17.7,18.6,130.0
2266,130.0,17.4,18.5,130.0
2267,130.0,17.1,18.3,130.0
2268,130.0,16.9,18.2,130.0
2269,130.0,16.9,18.1,130.0
2270,130.0,16.9,18.1,130.0
2271,130.0,16.9,18.1,130.0
2272,130.0,17.1,18.1,130.0
2273,130.0,17.4,18.2,130.0
2274,130.0,17.9,18.5,130.0
2275,131.0,14.0,12.8,131.0
2276,131.0,13.6,12.5,132.0
2277,131.0,13.2,12.4,132.0
2278,131.0,13.0,12.3,132.0
2279,131.0,12.7,12.2,132.0
2280,131.0,12.6,12.1,132.0
2281,131.0,12.5,12.0,132.0
2282,131.0,12.4,11.9,132.0
2283,131.0,12.4,11.8,132.0
2284,131.0,12.4,11.8,132.0
2285,131.0,12.5,11.8,132.0
2286,131.0,12.6,11.8,132.0
2287,131.0,12.7,11.9,132.0
2288,131.0,12.8,12.0,132.0
2289,131.0,13.0,12.1,132.0
2290,131.0,13.2,12.2,132.0
2291,131.0,13.4,12.4,131.0
2292,131.0,13.6,12.6,131.0
2293,131.0,13.9,12.8,131.0
2294,131.0,14.3,13.1,131.0
2295,124.0,25.2,31.5,125.0
2296,125.0,24.6,30.9,125.0
2297,125.0,24.2,30.4,125.0
2298,125.0,24.0,30.0,125.0
2299,125.0,23.8,29.6,126.0
2300,125.0,23.5,29.3,126.0
2301,125.0,23.3,28.9,126.0
2302,126.0,23.0,28.5,126.0
2303,126.0,22.8,28.1,126.0
2304,126.0,22.6,27.7,126.0
2305,126.0,22.3,27.4,126.0
2306,126.0,22.1,27.2,126.0
2307,126.0,22.0,27.1,126.0
2308,126.0,21.9,27.1,126.0
2309,126.0,21.8,27.1,126.0
2310,126.0,21.8,27.2,126.0
2311,126.0,21.9,27.4,126.0
2312,126.0,22.0,27.7,126.0
2313,126.0,22.2,27.9,126.0
2314,126.0,22.4,28.2,126.0
2315,128.0,36.0,23.3,128.0
2316,128.0,35.6,23.0,128.0
2317,128.0,35.6,22.8,128.0
2318,128.0,35.7,22.6,128.0
2319,128.0,35.5,22.4,128.0
2320,128.0,35.1,22.2,129.0
2321,128.0,34.2,22.0,129.0
2322,128.0,33.3,22.0,129.0
2323,128.0,32.5,22.0,129.0
2324,128.0,32.0,22.0,128.0
2325,128.0,31.6,22.0,128.0
2326,128.0,31.2,22.0,128.0
2327,128.0,30.6,22.0,128.0
2328,128.0,30.0,22.0,128.0
2329,128.0,29.3,22.0,128.0
2330,128.0,28.6,22.0,129.0
2331,128.0,28.1,22.0,129.0
2332,128.0,27.6,22.0,129.0
2333,128.0,27.3,22.2,128.0
2334,128.0,27.1,22.6,128.0
2335,128.0,29.9,22.0,129.0
2336,128.0,29.4,21.9,129.0
2337,128.0,28.8,21.9,129.0
2338,128.0,28.1,21.7,129.0
2339,129.0,27.3,21.4,129.0
2340,129.0,26.5,21.2,129.0
2341,129.0,25.7,21.0,129.0
2342,129.0,25.0,20.8,129.0
2343,129.0,24.4,20.6,129.0
2344,129.0,23.8,20.3,129.0
2345,129.0,23.4,20.1,129.0
2346,129.0,23.1,20.0,129.0
2347,129.0,23.0,19.9,129.0
2348,129.0,22.7,19.9,129.0
2349,129.0,22.5,20.0,129.0
2350,129.0,22.2,20.0,129.0
2351,129.0,22.0,20.2,129.0
2352,129.0,21.8,20.5,129.0
2353,129.0,21.8,20.8,129.0
2354,129.0,21.9,21.1,129.0
2355,128.0,61.3,25.1,129.0
2356,128.0,59.1,24.5,129.0
2357,129.0,56.8,23.9,130.0
2358,129.0,54.5,23.4,130.0
2359,129.0,52.0,22.7,130.0
2360,129.0,49.7,22.0,130.0
2361,130.0,47.5,21.3,131.0
2362,130.0,45.4,20.6,131.0
2363,130.0,43.5,19.8,131.0
2364,131.0,41.9,19.2,132.0
2365,131.0,40.6,18.6,132.0
2366,131.0,39.3,18.2,132.0
2367,131.0,38.4,17.9,132.0
2368,131.0,37.8,17.6,132.0
2369,131.0,37.6,17.4,132.0
2370,131.0,37.4,17.3,132.0
2371,131.0,37.5,17.1,132.0
2372,131.0,37.6,16.9,132.0
2373,131.0,37.8,16.8,132.0
2374,131.0,37.9,16.6,132.0
2375,131.0,22.2,18.8,131.0
2376,131.0,22.0,18.2,131.0
2377,131.0,21.9,17.6,132.0
2378,131.0,22.2,17.4,132.0
2379,132.0,22.3,17.1,132.0
2380,132.0,22.5,16.8,132.0
2381,132.0,22.6,16.5,132.0
2382,132.0,22.6,16.1,132.0
2383,132.0,22.6,15.7,133.0
2384,132.0,22.5,15.3,133.0
2385,133.0,22.3,14.8,133.0
2386,133.0,22.1,14.4,133.0
2387,133.0,21.9,14.0,133.0
2388,133.0,21.8,13.7,133.0
2389,133.0,21.8,13.6,133.0
2390,133.0,21.8,13.6,133.0
2391,133.0,21.9,13.6,133.0
2392,133.0,22.0,13.7,133.0
2393,133.0,22.2,13.9,133.0
2394,133.0,22.5,14.2,133.0
2395,128.0,26.7,24.5,128.0
2396,128.0,26.4,23.6,129.0
2397,129.0,26.3,22.8,129.0
2398,129.0,26.1,22.1,129.0
2399,129.0,26.0,21.3,130.0
2400,130.0,25.7,20.5,130.0
2401,130.0,25.5,19.9,130.0
2402,130.0,25.2,19.3,131.0
2403,130.0,24.8,18.7,131.0
2404,131.0,24.4,18.2,131.0
2405,131.0,23.9,17.8,131.0
2406,131.0,23.4,17.4,131.0
2407,131.0,22.8,17.1,132.0
2408,131.0,22.3,16.9,132.0
2409,131.0,21.9,16.8,132.0
2410,131.0,21.5,16.7,132.0
2411,131.0,21.0,16.6,132.0
2412,131.0,20.7,16.5,132.0
2413,131.0,20.4,16.6,132.0
2414,131.0,20.3,16.8,132.0
2415,128.0,33.6,23.2,129.0
2416,128.0,33.7,23.0,129.0
2417,128.0,33.9,22.9,129.0
2418,128.0,34.3,23.0,129.0
2419,128.0,34.8,23.1,129.0
2420,128.0,35.4,23.3,129.0
2421,128.0,36.0,23.4,129.0
2422,128.0,36.4,23.4,129.0
2423,128.0,36.6,23.3,129.0
2424,128.0,36.8,23.2,129.0
2425,128.0,36.8,23.2,129.0
2426,128.0,36.9,23.2,129.0
2427,128.0,36.8,23.3,129.0
2428,128.0,36.7,23.6,129.0
2429,128.0,36.6,23.8,129.0
2430,128.0,36.2,24.0,129.0
2431,128.0,36.1,24.4,129.0
2432,128.0,35.8,24.8,129.0
2433,128.0,35.6,25.3,129.0
2434,127.0,35.5,25.8,128.0
2435,125.0,29.4,31.6,125.0
2436,125.0,28.4,30.9,126.0
2437,125.0,27.7,30.3,126.0
2438,125.0,27.1,29.9,126.0
2439,125.0,26.6,29.5,126.0
2440,125.0,26.2,29.1,126.0
2441,126.0,25.6,28.6,126.0
2442,126.0,24.8,28.0,126.0
2443,126.0,24.0,27.3,127.0
2444,126.0,23.4,26.8,127.0
2445,126.0,22.6,26.3,127.0
2446,127.0,22.0,26.0,127.0
2447,127.0,21.5,25.7,127.0
2448,127.0,21.1,25.6,127.0
2449,127.0,20.9,25.8,127.0
2450,127.0,20.9,26.0,127.0
2451,126.0,20.9,26.3,127.0
2452,126.0,21.2,26.7,127.0
2453,126.0,21.4,27.1,127.0
2454,126.0,21.8,27.5,126.0
2455,113.0,82.7,59.7,114.0
2456,113.0,82.6,59.7,114.0
2457,113.0,82.4,59.6,114.0
2458,113.0,82.1,59.5,114.0
2459,113.0,81.6,59.4,114.0
2460,113.0,81.0,59.2,114.0
2461,113.0,80.3,58.9,114.0
2462,114.0,79.5,58.5,115.0
2463,114.0,78.6,58.0,115.0
2464,114.0,77.6,57.4,115.0
2465,114.0,76.5,56.8,115.0
2466,115.0,75.5,56.2,116.0
2467,115.0,74.5,55.6,116.0
2468,115.0,73.5,55.1,116.0
2469,116.0,72.6,54.6,117.0
2470,116.0,71.7,54.2,117.0
2471,116.0,70.8,53.7,117.0
2472,116.0,69.9,53.3,117.0
2473,116.0,68.9,52.8,117.0
2474,117.0,67.9,52.3,118.0
2475,128.0,21.0,23.8,128.0
2476,128.0,20.5,23.5,128.0
2477,128.0,20.1,23.3,129.0
2478,128.0,19.5,23.1,129.0
2479,128.0,19.0,22.9,129.0
2480,128.0,18.6,22.7,129.0
2481,128.0,18.4,22.6,129.0
2482,128.0,18.3,22.4,129.0
2483,128.0,18.2,22.2,129.0
2484,128.0,18.1,22.0,129.0
2485,128.0,18.1,21.8,129.0
2486,128.0,18.0,21.8,129.0
2487,128.0,18.0,21.8,129.0
2488,128.0,18.0,21.8,129.0
2489,128.0,18.1,21.8,129.0
2490,128.0,18.2,21.9,129.0
2491,128.0,18.4,22.1,129.0
2492,128.0,18.7,22.3,129.0
2493,128.0,19.1,22.5,128.0
2494,128.0,19.5,22.8,128.0
2495,116.0,82.2,53.7,117.0
2496,116.0,81.7,53.0,117.0
2497,116.0,81.2,52.3,118.0
2498,117.0,80.7,51.6,118.0
2499,117.0,80.2,51.0,118.0
2500,117.0,79.7,50.4,119.0
2501,117.0,79.2,49.8,119.0
2502,118.0,78.8,49.1,119.0
2503,118.0,78.4,48.5,119.0
2504,118.0,78.1,47.9,120.0
2505,118.0,77.9,47.5,120.0
2506,119.0,77.7,47.3,120.0
2507,119.0,77.6,47.1,120.0
2508,119.0,77.4,47.0,120.0
2509,119.0,77.1,47.0,120.0
2510,119.0,76.8,47.1,120.0
2511,119.0,76.2,47.3,120.0
2512,119.0,75.4,47.4,120.0
2513,119.0,74.5,47.6,120.0
2514,119.0,73.4,47.8,120.0
2515,131.0,11.4,12.1,131.0
2516,131.0,11.2,11.9,131.0
2517,131.0,11.1,11.8,131.0
2518,131.0,11.1,11.7,131.0
2519,131.0,11.1,11.6,131.0
2520,131.0,11.1,11.5,131.0
2521,131.0,11.1,11.5,131.0
2522,131.0,11.2,11.4,131.0
2523,131.0,11.3,11.3,132.0
2524,131.0,11.3,11.3,132.0
2525,131.0,11.4,11.3,132.0
2526,131.0,11.6,11.3,131.0
2527,131.0,11.7,11.4,131.0
2528,131.0,11.9,11.5,131.0
2529,131.0,12.1,11.7,131.0
2530,131.0,12.3,11.8,131.0
2531,131.0,12.6,12.0,131.0
2532,131.0,12.9,12.3,131.0
2533,131.0,13.2,12.6,131.0
2534,131.0,13.5,12.9,131.0
2535,129.0,18.3,20.2,129.0
2536,129.0,18.0,20.1,129.0
2537,129.0,17.8,20.0,129.0
2538,129.0,17.7,20.0,129.0
2539,129.0,17.6,20.0,129.0
2540,129.0,17.4,20.0,129.0
2541,129.0,17.3,20.0,129.0
2542,129.0,17.2,20.0,129.0
2543,129.0,17.0,20.0,129.0
2544,129.0,16.8,20.0,129.0
2545,129.0,16.7,20.0,129.0
2546,129.0,16.7,20.0,129.0
2547,129.0,16.7,20.1,129.0
2548,129.0,16.7,20.2,129.0
2549,129.0,16.8,20.4,129.0
2550,129.0,17.0,20.6,129.0
2551,129.0,17.2,20.8,129.0
2552,129.0,17.5,21.1,129.0
2553,128.0,17.9,21.4,129.0
2554,128.0,18.2,21.7,129.0
2555,121.0,44.4,39.8,122.0
2556,121.0,44.7,39.7,122.0
2557,121.0,45.1,39.6,122.0
2558,121.0,45.4,39.4,122.0
2559,121.0,45.7,39.3,122.0
2560,121.0,45.9,39.1,122.0
2561,121.0,46.0,38.9,122.0
2562,121.0,45.9,38.6,123.0
2563,121.0,45.5,38.3,123.0
2564,122.0,45.0,38.0,123.0
2565,122.0,44.5,37.7,123.0
2566,122.0,43.8,37.4,123.0
2567,122.0,43.1,37.2,123.0
2568,122.0,42.4,37.1,123.0
2569,122.0,41.7,36.9,123.0
2570,122.0,41.0,36.9,123.0
2571,122.0,40.2,36.8,123.0
2572,122.0,39.5,36.8,123.0
2573,122.0,38.7,36.7,123.0
2574,122.0,38.1,36.7,123.0
2575,124.0,41.3,35.3,124.0
2576,124.0,41.0,34.8,124.0
2577,124.0,40.7,34.3,124.0
2578,124.0,40.6,33.7,125.0
2579,124.0,40.8,33.1,125.0
2580,125.0,40.8,32.4,125.0
2581,125.0,40.9,31.7,126.0
2582,125.0,40.1,30.9,126.0
2583,126.0,38.9,30.2,126.0
2584,126.0,37.2,29.5,127.0
2585,126.0,35.6,29.0,127.0
2586,127.0,34.6,28.7,127.0
2587,127.0,34.5,28.5,127.0
2588,127.0,35.3,28.5,127.0
2589,127.0,36.6,28.6,127.0
2590,127.0,38.0,28.8,127.0
2591,127.0,39.6,29.1,127.0
2592,127.0,41.2,29.4,127.0
2593,126.0,42.9,29.9,127.0
2594,126.0,44.4,30.5,127.0
2595,132.0,12.0,11.3,132.0
2596,132.0,11.8,11.1,132.0
2597,132.0,11.8,11.1,132.0
2598,132.0,11.8,11.0,132.0
2599,132.0,11.8,11.0,132.0
2600,132.0,11.9,11.1,132.0
2601,132.0,12.0,11.2,132.0
2602,131.0,12.2,11.3,132.0
2603,131.0,12.3,11.4,132.0
2604,131.0,12.4,11.5,132.0
2605,131.0,12.5,11.6,132.0
2606,131.0,12.7,11.7,132.0
2607,131.0,12.9,11.8,132.0
2608,131.0,13.0,11.9,131.0
2609,131.0,13.2,12.1,131.0
2610,131.0,13.4,12.2,131.0
2611,131.0,13.6,12.4,131.0
2612,131.0,13.9,12.7,131.0
2613,131.0,14.2,12.9,131.0
2614,131.0,14.6,13.3,131.0
2615,122.0,32.6,38.9,122.0
2616,122.0,31.8,38.3,123.0
2617,122.0,31.1,37.7,123.0
2618,123.0,30.5,37.1,123.0
2619,123.0,29.9,36.6,123.0
2620,123.0,29.3,36.0,123.0
2621,123.0,28.6,35.6,123.0
2622,123.0,27.9,35.0,124.0
2623,123.0,27.1,34.6,124.0
2624,124.0,26.5,34.2,124.0
2625,124.0,26.0,33.8,124.0
2626,124.0,25.5,33.6,124.0
2627,124.0,25.1,33.5,124.0
2628,124.0,24.9,33.5,124.0
2629,124.0,24.7,33.6,124.0
2630,124.0,24.6,33.8,124.0
2631,124.0,24.6,33.9,124.0
2632,124.0,24.7,34.1,124.0
2633,124.0,24.9,34.4,124.0
2634,124.0,25.1,34.6,124.0
2635,126.0,33.1,27.4,127.0
2636,127.0,32.9,26.9,127.0
2637,127.0,32.7,26.2,127.0
2638,127.0,32.5,25.6,128.0
2639,127.0,32.2,24.9,128.0
2640,128.0,31.9,24.3,128.0
2641,128.0,31.6,23.8,128.0
2642,128.0,31.0,23.0,129.0
2643,128.0,30.4,22.3,129.0
2644,129.0,29.7,21.6,129.0
2645,129.0,29.0,20.9,129.0
2646,129.0,28.4,20.4,130.0
2647,129.0,27.8,20.1,130.0
2648,129.0,27.3,19.9,130.0
2649,129.0,27.0,19.9,130.0
2650,129.0,26.7,20.0,130.0
2651,129.0,26.4,20.1,130.0
2652,129.0,26.2,20.3,130.0
2653,129.0,26.0,20.5,129.0
2654,129.0,25.9,20.8,129.0
2655,131.0,12.4,12.4,131.0
2656,131.0,12.3,12.2,131.0
2657,131.0,12.2,12.0,131.0
2658,131.0,12.2,11.9,131.0
2659,131.0,12.1,11.8,131.0
2660,131.0,12.1,11.7,131.0
2661,131.0,12.1,11.6,131.0
2662,131.0,12.1,11.5,131.0
2663,131.0,12.1,11.5,131.0
2664,131.0,12.1,11.4,131.0
2665,131.0,12.1,11.4,131.0
2666,131.0,12.2,11.4,131.0
2667,131.0,12.4,11.5,131.0
2668,131.0,12.6,11.6,131.0
2669,131.0,12.9,11.8,131.0
2670,131.0,13.2,12.0,131.0
2671,131.0,13.5,12.3,131.0
2672,131.0,13.9,12.7,131.0
2673,131.0,14.2,13.0,131.0
2674,130.0,14.6,13.4,131.0
2675,132.0,11.1,9.5,132.0
2676,132.0,11.0,9.4,132.0
2677,132.0,11.0,9.4,132.0
2678,132.0,11.0,9.3,132.0
2679,132.0,11.0,9.3,132.0
2680,132.0,11.0,9.3,132.0
2681,132.0,11.1,9.3,132.0
2682,132.0,11.1,9.3,132.0
2683,132.0,11.1,9.3,132.0
2684,132.0,11.2,9.3,132.0
2685,132.0,11.3,9.3,132.0
2686,132.0,11.4,9.4,132.0
2687,132.0,11.6,9.5,132.0
2688,132.0,11.8,9.6,132.0
2689,132.0,12.1,9.8,132.0
2690,132.0,12.4,10.0,132.0
2691,132.0,12.8,10.3,132.0
2692,132.0,13.2,10.5,132.0
2693,131.0,13.6,10.9,132.0
2694,131.0,14.0,11.2,132.0
2695,123.0,33.3,36.8,123.0
2696,123.0,32.6,36.1,123.0
2697,123.0,32.1,35.6,124.0
2698,123.0,31.8,35.2,124.0
2699,123.0,31.6,34.8,124.0
2700,123.0,31.4,34.3,124.0
2701,124.0,31.1,33.7,124.0
2702,124.0,31.0,33.3,124.0
2703,124.0,30.8,32.9,125.0
2704,124.0,30.6,32.4,125.0
2705,124.0,30.5,32.0,125.0
2706,124.0,30.5,31.8,125.0
2707,124.0,30.6,31.6,125.0
2708,122.0,46.1,39.1,122.0
2709,122.0,44.1,38.4,123.0
2710,122.0,42.2,37.5,123.0
2711,123.0,40.4,36.5,123.0
2712,123.0,38.5,35.1,124.0
2713,123.0,37.0,34.1,124.0
2714,124.0,36.0,33.7,124.0
2715,124.0,35.0,32.9,125.0
2716,124.0,34.1,32.2,125.0
2717,124.0,33.4,31.5,125.0
2718,125.0,32.7,30.7,125.0
2719,125.0,32.5,30.4,125.0
2720,124.0,32.6,30.5,125.0
2721,124.0,32.9,30.8,125.0
2722,124.0,33.3,31.2,125.0
2723,124.0,33.8,31.6,125.0
2724,124.0,34.6,32.5,125.0
2725,123.0,35.6,33.4,124.0
2726,123.0,36.3,34.2,124.0
2727,123.0,37.0,35.0,124.0
2728,119.0,72.1,45.6,120.0
2729,119.0,71.3,45.4,120.0
2730,119.0,70.4,45.1,120.0
2731,119.0,69.5,44.8,120.0
2732,119.0,68.6,44.5,121.0
2733,119.0,67.8,44.0,121.0
2734,119.0,66.8,43.5,121.0
2735,120.0,65.7,42.7,121.0
2736,120.0,64.6,41.9,122.0
2737,120.0,63.4,41.0,122.0
2738,121.0,62.2,40.3,122.0
2739,121.0,61.0,39.6,122.0
2740,121.0,60.1,39.1,123.0
2741,121.0,59.3,38.8,123.0
2742,121.0,58.7,38.6,123.0
2743,121.0,58.3,38.6,123.0
2744,122.0,57.7,38.4,123.0
2745,122.0,57.2,38.1,123.0
2746,122.0,56.6,37.9,123.0
2747,122.0,56.1,37.9,123.0
2748,128.0,26.5,20.6,128.0
2749,128.0,26.2,20.7,128.0
2750,128.0,26.0,20.7,128.0
2751,128.0,25.7,20.8,128.0
2752,128.0,25.4,20.9,128.0
2753,128.0,25.2,21.0,128.0
2754,128.0,25.1,21.2,128.0
2755,128.0,24.9,21.3,128.0
2756,128.0,24.7,21.4,128.0
2757,128.0,24.5,21.5,128.0
2758,128.0,24.4,21.5,128.0
2759,128.0,24.3,21.7,128.0
2760,128.0,24.3,21.9,128.0
2761,128.0,24.2,22.0,128.0
2762,128.0,24.3,22.2,128.0
2763,128.0,24.4,22.5,128.0
2764,128.0,24.5,22.8,128.0
2765,128.0,24.6,23.1,128.0
2766,128.0,24.7,23.4,128.0
2767,128.0,24.9,23.8,128.0
2768,117.0,79.8,48.9,119.0
2769,118.0,79.1,48.8,119.0
2770,118.0,78.3,48.7,119.0
2771,118.0,77.5,48.6,119.0
2772,118.0,76.7,48.6,119.0
2773,118.0,76.0,48.6,119.0
2774,118.0,75.3,48.4,119.0
2775,118.0,74.6,48.2,119.0
2776,118.0,74.1,47.9,119.0
2777,118.0,73.6,47.5,120.0
2778,118.0,73.3,47.2,120.0
2779,119.0,73.2,46.9,120.0
2780,119.0,73.1,46.6,120.0
2781,119.0,73.2,46.4,120.0
2782,119.0,73.3,46.1,120.0
2783,119.0,73.3,45.9,120.0
2784,119.0,73.3,45.6,120.0
2785,119.0,73.1,45.3,120.0
2786,119.0,72.8,45.1,121.0
2787,120.0,72.4,44.9,121.0
2788,127.0,30.8,25.5,127.0
2789,127.0,30.5,24.6,128.0
2790,128.0,30.4,23.8,128.0
2791,128.0,30.2,23.2,128.0
2792,128.0,29.9,22.4,129.0
2793,129.0,29.7,21.8,129.0
2794,129.0,29.3,21.2,129.0
2795,129.0,28.8,20.5,129.0
2796,129.0,28.3,20.0,130.0
2797,129.0,27.7,19.3,130.0
2798,130.0,26.9,18.7,130.0
2799,130.0,26.2,18.2,130.0
2800,130.0,25.5,17.8,130.0
2801,130.0,24.8,17.5,131.0
2802,130.0,24.4,17.4,131.0
2803,130.0,24.0,17.3,131.0
2804,130.0,23.6,17.3,131.0
2805,130.0,23.2,17.3,131.0
2806,130.0,23.0,17.5,131.0
2807,130.0,22.9,17.7,130.0
2808,125.0,35.6,31.4,125.0
2809,125.0,34.4,31.1,125.0
2810,125.0,33.6,30.9,125.0
2811,125.0,33.0,30.9,125.0
2812,125.0,32.4,30.9,125.0
2813,125.0,32.0,30.9,125.0
2814,125.0,31.6,30.8,125.0
2815,125.0,31.1,30.7,125.0
2816,125.0,30.6,30.5,125.0
2817,125.0,30.2,30.4,125.0
2818,125.0,29.8,30.2,125.0
2819,125.0,29.6,30.3,125.0
2820,125.0,29.4,30.3,125.0
2821,125.0,29.3,30.5,125.0
2822,125.0,29.3,30.6,125.0
2823,125.0,29.3,30.8,125.0
2824,125.0,29.5,31.1,125.0
2825,125.0,29.8,31.4,125.0
2826,125.0,30.1,31.8,125.0
2827,124.0,30.4,32.1,125.0
2828,123.0,38.7,35.6,123.0
2829,123.0,37.5,35.0,124.0
2830,123.0,36.5,34.5,124.0
2831,124.0,35.6,34.1,124.0
2832,124.0,34.8,33.7,124.0
2833,124.0,34.0,33.3,124.0
2834,124.0,33.1,32.8,124.0
2835,124.0,32.2,32.3,125.0
2836,124.0,31.2,31.7,125.0
2837,125.0,30.2,31.2,125.0
2838,125.0,29.3,30.7,125.0
2839,125.0,28.4,30.3,125.0
2840,125.0,27.6,29.9,125.0
2841,125.0,26.9,29.7,126.0
2842,125.0,26.3,29.5,126.0
2843,125.0,25.8,29.4,126.0
2844,125.0,25.5,29.4,126.0
2845,125.0,25.2,29.5,126.0
2846,125.0,25.0,29.6,126.0
2847,125.0,25.0,29.8,126.0
2848,124.0,40.7,32.7,125.0
2849,124.0,39.3,31.9,125.0
2850,125.0,38.2,31.2,125.0
2851,125.0,37.2,30.5,125.0
2852,125.0,36.0,29.6,126.0
2853,126.0,34.9,28.6,126.0
2854,126.0,33.9,27.9,126.0
2855,126.0,33.1,27.2,127.0
2856,126.0,32.3,26.5,127.0
2857,127.0,31.7,25.9,127.0
2858,127.0,31.1,25.4,127.0
2859,127.0,30.9,25.2,127.0
2860,127.0,30.8,25.1,127.0
2861,127.0,30.9,25.2,127.0
2862,127.0,31.0,25.2,127.0
2863,127.0,31.2,25.3,127.0
2864,127.0,31.7,25.5,127.0
2865,127.0,32.2,25.8,127.0
2866,127.0,32.7,26.1,127.0
2867,126.0,33.1,26.5,127.0
2868,122.0,72.9,38.2,124.0
2869,122.0,71.9,37.5,124.0
2870,123.0,70.9,36.9,124.0
2871,123.0,69.8,36.2,125.0
2872,123.0,68.7,35.6,125.0
2873,123.0,67.4,34.9,125.0
2874,124.0,66.0,34.1,125.0
2875,124.0,64.4,33.2,126.0
2876,124.0,62.8,32.4,126.0
2877,125.0,61.2,31.6,126.0
2878,125.0,59.5,30.9,127.0
2879,125.0,58.1,30.4,127.0
2880,125.0,56.7,30.2,127.0
2881,125.0,55.6,30.2,127.0
2882,125.0,54.6,30.3,127.0
2883,125.0,53.9,30.6,127.0
2884,125.0,53.2,30.9,126.0
2885,125.0,52.7,31.2,126.0
2886,125.0,52.2,31.6,126.0
2887,125.0,51.7,32.1,126.0
2888,134.0,27.8,13.3,134.0
2889,134.0,27.3,13.2,134.0
2890,134.0,26.9,13.2,134.0
2891,134.0,26.5,13.2,134.0
2892,133.0,26.1,13.2,134.0
2893,133.0,25.6,13.2,134.0
2894,133.0,25.2,13.2,133.0
2895,133.0,24.9,13.3,133.0
2896,133.0,24.6,13.4,133.0
2897,133.0,24.1,13.5,133.0
2898,133.0,23.7,13.6,133.0
2899,132.0,23.5,13.8,133.0
2900,132.0,23.4,14.1,133.0
2901,132.0,23.4,14.5,132.0
2902,132.0,23.5,14.9,132.0
2903,132.0,23.8,15.3,132.0
2904,131.0,24.1,15.8,132.0
2905,131.0,24.6,16.4,131.0
2906,131.0,25.1,16.9,131.0
2907,131.0,25.6,17.5,131.0
2908,127.0,19.6,24.3,128.0
2909,127.0,19.2,24.0,128.0
2910,127.0,19.1,23.9,128.0
2911,127.0,19.1,23.9,128.0
2912,127.0,18.9,23.6,128.0
2913,128.0,18.7,23.3,128.0
2914,127.0,18.9,23.5,128.0
2915,127.0,19.3,23.9,128.0
2916,127.0,19.4,23.9,128.0
2917,127.0,19.4,23.8,128.0
2918,127.0,19.3,23.8,128.0
2919,127.0,19.4,23.8,128.0
2920,127.0,19.5,24.0,128.0
2921,127.0,19.4,23.9,128.0
2922,127.0,19.3,23.8,128.0
2923,127.0,19.3,23.7,128.0
2924,127.0,19.4,23.6,128.0
2925,127.0,19.6,23.7,128.0
2926,127.0,20.0,24.0,128.0
2927,127.0,20.4,24.3,128.0
2928,132.0,13.7,9.2,132.0
2929,132.0,13.6,9.0,132.0
2930,132.0,13.5,8.9,132.0
2931,132.0,13.5,8.8,133.0
2932,132.0,13.5,8.8,133.0
2933,132.0,13.5,8.8,133.0
2934,132.0,13.6,8.8,133.0
2935,132.0,13.6,8.8,133.0
2936,132.0,13.6,8.9,133.0
2937,132.0,13.7,8.9,132.0
2938,132.0,13.7,9.0,132.0
2939,132.0,13.8,9.1,132.0
2940,132.0,13.8,9.2,132.0
2941,132.0,13.8,9.3,132.0
2942,132.0,14.0,9.5,132.0
2943,132.0,14.2,9.7,132.0
2944,132.0,14.4,9.9,132.0
2945,132.0,14.7,10.2,132.0
2946,132.0,15.0,10.5,132.0
2947,132.0,15.5,10.9,132.0
2948,135.0,6.2,7.8,135.0
2949,135.0,6.1,7.7,135.0
2950,135.0,6.0,7.7,135.0
2951,134.0,5.9,7.8,135.0
2952,134.0,5.9,7.9,135.0
2953,134.0,5.9,8.1,135.0
2954,134.0,5.8,8.4,134.0
2955,134.0,5.8,8.6,134.0
2956,133.0,5.8,8.9,134.0
2957,133.0,5.8,9.2,134.0
2958,133.0,5.8,9.4,133.0
2959,133.0,5.8,9.8,133.0
2960,133.0,5.8,10.0,133.0
2961,132.0,5.8,10.3,133.0
2962,132.0,5.8,10.5,133.0
2963,132.0,5.8,10.7,132.0
2964,132.0,5.9,11.0,132.0
2965,132.0,5.9,11.2,132.0
2966,132.0,6.0,11.5,132.0
2967,132.0,6.1,11.8,132.0
2968,132.0,23.4,12.8,133.0
2969,132.0,23.4,13.0,132.0
2970,132.0,23.8,13.2,132.0
2971,131.0,24.3,13.5,132.0
2972,131.0,24.6,13.7,132.0
2973,131.0,24.8,13.8,132.0
2974,131.0,24.9,13.8,132.0
2975,131.0,24.5,13.6,132.0
2976,131.0,24.2,13.3,132.0
2977,131.0,23.9,13.1,132.0
2978,132.0,23.5,12.8,132.0
2979,132.0,23.3,12.7,132.0
2980,131.0,23.6,12.8,132.0
2981,131.0,23.8,13.0,132.0
2982,131.0,24.0,13.1,132.0
2983,131.0,24.3,13.4,132.0
2984,131.0,24.5,13.6,132.0
2985,131.0,24.8,14.0,131.0
2986,131.0,25.0,14.3,131.0
2987,131.0,25.1,14.7,131.0
2988,119.0,49.3,46.7,119.0
2989,119.0,47.6,45.0,120.0
2990,120.0,46.0,43.5,120.0
2991,120.0,44.3,41.8,121.0
2992,121.0,42.7,40.2,121.0
2993,122.0,41.2,38.5,122.0
2994,122.0,39.5,36.9,123.0
2995,123.0,37.8,35.3,123.0
2996,123.0,36.0,33.6,124.0
2997,124.0,34.3,32.1,124.0
2998,124.0,32.5,30.6,125.0
2999,125.0,30.7,29.4,125.0
3000,125.0,29.1,28.3,126.0
3001,125.0,27.5,27.3,126.0
3002,126.0,26.0,26.5,126.0
3003,126.0,24.8,25.8,127.0
3004,126.0,23.7,25.2,127.0
3005,126.0,22.8,24.8,127.0
3006,126.0,22.2,24.5,127.0
3007,126.0,21.9,24.3,127.0
3008,126.0,29.1,27.3,127.0
3009,127.0,28.8,26.6,127.0
3010,127.0,28.7,26.1,127.0
3011,127.0,28.7,25.9,127.0
3012,127.0,28.6,25.5,128.0
3013,127.0,28.2,24.9,128.0
3014,128.0,27.7,24.1,128.0
3015,128.0,27.1,23.1,129.0
3016,128.0,26.5,22.3,129.0
3017,129.0,26.1,21.7,129.0
3018,129.0,25.8,21.1,129.0
3019,129.0,25.5,20.7,130.0
3020,129.0,25.6,20.7,129.0
3021,129.0,25.8,20.9,129.0
3022,129.0,26.3,21.3,129.0
3023,128.0,26.7,21.8,129.0
3024,128.0,27.0,22.3,129.0
3025,128.0,27.3,22.9,128.0
3026,128.0,27.7,23.6,128.0
3027,127.0,27.9,24.1,128.0
3028,126.0,33.6,26.7,126.0
3029,126.0,32.2,25.4,127.0
3030,127.0,30.8,24.0,127.0
3031,127.0,29.5,22.7,128.0
3032,128.0,28.2,21.5,128.0
3033,128.0,26.9,20.4,129.0
3034,129.0,25.7,19.4,129.0
3035,129.0,24.5,18.5,129.0
3036,129.0,23.4,17.6,130.0
3037,129.0,22.5,17.1,130.0
3038,130.0,21.9,16.7,130.0
3039,130.0,21.4,16.5,130.0
3040,130.0,21.2,16.5,130.0
3041,130.0,21.1,16.7,130.0
3042,130.0,21.2,17.1,130.0
3043,129.0,21.4,17.5,130.0
3044,129.0,21.6,18.1,130.0
3045,129.0,21.9,18.7,130.0
3046,129.0,22.4,19.5,129.0
3047,129.0,22.9,20.3,129.0
3048,123.0,65.6,34.4,125.0
3049,123.0,64.2,33.9,125.0
3050,123.0,62.6,33.5,125.0
3051,123.0,61.2,33.2,125.0
3052,124.0,59.9,32.8,125.0
3053,124.0,58.7,32.4,125.0
3054,124.0,57.6,31.9,125.0
3055,124.0,56.6,31.4,126.0
3056,124.0,55.8,30.8,126.0
3057,125.0,55.0,30.3,126.0
3058,125.0,54.3,29.8,126.0
3059,125.0,54.0,29.6,127.0
3060,125.0,54.0,29.5,127.0
3061,125.0,53.9,29.6,127.0
3062,125.0,53.9,29.7,126.0
3063,125.0,54.2,29.8,126.0
3064,125.0,54.4,30.0,126.0
3065,125.0,54.6,30.1,126.0
3066,125.0,54.9,30.4,126.0
3067,125.0,55.1,30.7,126.0
3068,125.0,49.8,30.6,126.0
3069,126.0,48.3,30.1,127.0
3070,126.0,46.2,29.7,127.0
3071,126.0,44.3,29.3,127.0
3072,126.0,42.8,29.0,127.0
3073,126.0,41.7,28.8,127.0
3074,126.0,40.5,28.7,127.0
3075,126.0,39.6,28.6,127.0
3076,126.0,38.5,28.6,127.0
3077,126.0,37.8,28.7,127.0
